Ticker,Day,Price
AAPL,2025-03-09,322.19
AAPL,2025-03-10,325.47
AAPL,2025-03-11,320.03
AAPL,2025-03-12,321.87
AAPL,2025-03-13,322.68
AAPL,2025-03-14,325.07
AAPL,2025-03-15,326.48
AAPL,2025-03-16,338.73
AAPL,2025-03-17,335.51
AAPL,2025-03-18,332.85
AAPL,2025-03-19,329.75
AAPL,2025-03-20,327.01
AAPL,2025-03-21,323.9
AAPL,2025-03-22,329.73
AAPL,2025-03-23,336.83
AAPL,2025-03-24,333.96
AAPL,2025-03-25,329.82
AAPL,2025-03-26,332.16
AAPL,2025-03-27,329.42
AAPL,2025-03-28,332.56
AAPL,2025-03-29,333.57
AAPL,2025-03-30,326.07
AAPL,2025-03-31,333.73
AAPL,2025-04-01,342.84
AAPL,2025-04-02,339.71
AAPL,2025-04-03,337.74
AAPL,2025-04-04,339.19
AAPL,2025-04-05,340.9
AAPL,2025-04-06,344.28
AAPL,2025-04-07,354.82
AAPL,2025-04-08,353.88
AAPL,2025-04-09,349.67
AAPL,2025-04-10,342.51
AAPL,2025-04-11,338.77
AAPL,2025-04-12,338.6
AAPL,2025-04-13,347.84
AAPL,2025-04-14,345.15
AAPL,2025-04-15,346.31
AAPL,2025-04-16,346.23
AAPL,2025-04-17,352.45
AAPL,2025-04-18,366.07
AAPL,2025-04-19,363.17
AAPL,2025-04-20,360.51
AAPL,2025-04-21,366.2
AAPL,2025-04-22,369.96
AAPL,2025-04-23,380.36
AAPL,2025-04-24,383.7
AAPL,2025-04-25,381.64
AAPL,2025-04-26,385.04
AAPL,2025-04-27,391.49
AAPL,2025-04-28,396.34
AAPL,2025-04-29,399.37
AAPL,2025-04-30,405.81
AAPL,2025-05-01,412.99
AAPL,2025-05-02,421.64
AAPL,2025-05-03,425.76
AAPL,2025-05-04,424.7
AAPL,2025-05-05,425.63
AAPL,2025-05-06,433.41
AAPL,2025-05-07,428.13
AAPL,2025-05-08,430.5
AAPL,2025-05-09,427.97
AAPL,2025-05-10,428.16
AAPL,2025-05-11,436.45
AAPL,2025-05-12,437.7
AAPL,2025-05-13,438.0
AAPL,2025-05-14,429.16
AAPL,2025-05-15,433.99
AAPL,2025-05-16,438.21
AAPL,2025-05-17,452.67
AAPL,2025-05-18,450.58
AAPL,2025-05-19,452.06
AAPL,2025-05-20,453.76
AAPL,2025-05-21,464.62
AAPL,2025-05-22,463.96
AAPL,2025-05-23,465.91
AAPL,2025-05-24,470.17
AAPL,2025-05-25,471.49
AAPL,2025-05-26,468.34
AAPL,2025-05-27,469.71
AAPL,2025-05-28,477.34
AAPL,2025-05-29,470.04
AAPL,2025-05-30,470.98
AAPL,2025-05-31,466.06
AAPL,2025-06-01,474.49
AAPL,2025-06-02,463.77
AAPL,2025-06-03,459.9
AAPL,2025-06-04,462.51
AAPL,2025-06-05,473.5
AAPL,2025-06-06,473.03
AAPL,2025-06-07,469.11
AAPL,2025-06-08,482.53
AAPL,2025-06-09,472.17
AAPL,2025-06-10,456.85
AAPL,2025-06-11,459.87
AAPL,2025-06-12,456.42
AAPL,2025-06-13,449.48
AAPL,2025-06-14,454.29
AAPL,2025-06-15,455.95
AAPL,2025-06-16,452.11
AAPL,2025-06-17,443.51
AAPL,2025-06-18,449.35
AAPL,2025-06-19,453.75
AAPL,2025-06-20,453.08
AAPL,2025-06-21,465.81
AAPL,2025-06-22,458.39
AAPL,2025-06-23,448.02
AAPL,2025-06-24,443.39
AAPL,2025-06-25,443.09
AAPL,2025-06-26,444.71
AAPL,2025-06-27,443.1
AAPL,2025-06-28,445.45
AAPL,2025-06-29,437.17
AAPL,2025-06-30,446.74
AAPL,2025-07-01,446.19
AAPL,2025-07-02,453.73
AAPL,2025-07-03,456.07
AAPL,2025-07-04,459.2
AAPL,2025-07-05,463.14
AAPL,2025-07-06,466.26
AAPL,2025-07-07,470.78
AAPL,2025-07-08,480.26
AAPL,2025-07-09,481.68
AAPL,2025-07-10,486.83
AAPL,2025-07-11,486.17
AAPL,2025-07-12,496.79
AAPL,2025-07-13,491.77
AAPL,2025-07-14,505.24
AAPL,2025-07-15,504.94
AAPL,2025-07-16,494.22
AAPL,2025-07-17,495.17
AAPL,2025-07-18,490.13
AAPL,2025-07-19,496.35
AAPL,2025-07-20,491.52
AAPL,2025-07-21,488.24
AAPL,2025-07-22,474.59
AAPL,2025-07-23,471.39
AAPL,2025-07-24,454.55
AAPL,2025-07-25,443.88
AAPL,2025-07-26,448.97
AAPL,2025-07-27,454.3
AAPL,2025-07-28,457.21
AAPL,2025-07-29,450.62
AAPL,2025-07-30,450.3
AAPL,2025-07-31,450.28
AAPL,2025-08-01,442.52
AAPL,2025-08-02,452.61
AAPL,2025-08-03,458.61
AAPL,2025-08-04,457.09
AAPL,2025-08-05,457.28
AAPL,2025-08-06,458.71
AAPL,2025-08-07,444.87
AAPL,2025-08-08,443.22
AAPL,2025-08-09,438.71
AAPL,2025-08-10,432.17
AAPL,2025-08-11,430.35
AAPL,2025-08-12,442.12
AAPL,2025-08-13,446.39
AAPL,2025-08-14,442.58
AAPL,2025-08-15,446.4
AAPL,2025-08-16,455.86
AAPL,2025-08-17,462.23
AAPL,2025-08-18,462.64
AAPL,2025-08-19,458.18
AAPL,2025-08-20,463.0
AAPL,2025-08-21,465.74
AAPL,2025-08-22,472.04
AAPL,2025-08-23,476.56
AAPL,2025-08-24,484.12
AAPL,2025-08-25,480.25
AAPL,2025-08-26,489.83
AAPL,2025-08-27,491.29
AAPL,2025-08-28,506.82
AAPL,2025-08-29,501.61
AAPL,2025-08-30,514.84
AAPL,2025-08-31,516.37
AAPL,2025-09-01,511.35
AAPL,2025-09-02,507.65
AAPL,2025-09-03,505.22
AAPL,2025-09-04,508.44
AAPL,2025-09-05,512.45
AAPL,2025-09-06,508.06
AAPL,2025-09-07,507.87
AAPL,2025-09-08,524.45
AAPL,2025-09-09,538.22
AAPL,2025-09-10,541.76
AAPL,2025-09-11,542.07
AAPL,2025-09-12,543.04
AAPL,2025-09-13,548.06
AAPL,2025-09-14,539.72
AAPL,2025-09-15,537.64
AAPL,2025-09-16,524.35
AAPL,2025-09-17,527.5
AAPL,2025-09-18,532.65
AAPL,2025-09-19,528.8
AAPL,2025-09-20,541.43
AAPL,2025-09-21,531.57
AAPL,2025-09-22,520.02
AAPL,2025-09-23,521.77
AAPL,2025-09-24,530.03
AAPL,2025-09-25,543.59
AAPL,2025-09-26,539.86
AAPL,2025-09-27,548.67
AAPL,2025-09-28,548.35
AAPL,2025-09-29,546.93
AAPL,2025-09-30,554.23
AAPL,2025-10-01,559.68
AAPL,2025-10-02,546.6
AAPL,2025-10-03,558.84
AAPL,2025-10-04,570.53
AAPL,2025-10-05,565.2
AAPL,2025-10-06,568.57
AAPL,2025-10-07,572.8
AAPL,2025-10-08,575.04
AAPL,2025-10-09,570.32
AAPL,2025-10-10,564.6
AAPL,2025-10-11,564.38
AAPL,2025-10-12,574.4
AAPL,2025-10-13,579.1
AAPL,2025-10-14,575.89
AAPL,2025-10-15,582.6
AAPL,2025-10-16,558.23
AAPL,2025-10-17,567.93
AAPL,2025-10-18,553.3
AAPL,2025-10-19,550.3
AAPL,2025-10-20,541.14
AAPL,2025-10-21,530.73
AAPL,2025-10-22,540.05
AAPL,2025-10-23,536.27
AAPL,2025-10-24,539.07
AAPL,2025-10-25,538.69
AAPL,2025-10-26,542.56
AAPL,2025-10-27,543.18
AAPL,2025-10-28,532.83
AAPL,2025-10-29,540.85
AAPL,2025-10-30,536.86
AAPL,2025-10-31,524.47
AAPL,2025-11-01,521.11
AAPL,2025-11-02,532.98
AAPL,2025-11-03,539.82
AAPL,2025-11-04,537.0
AAPL,2025-11-05,534.2
AAPL,2025-11-06,531.63
AAPL,2025-11-07,548.45
AAPL,2025-11-08,551.6
AAPL,2025-11-09,555.17
AAPL,2025-11-10,563.82
AAPL,2025-11-11,565.84
AAPL,2025-11-12,563.64
AAPL,2025-11-13,561.99
AAPL,2025-11-14,561.38
AAPL,2025-11-15,561.07
AAPL,2025-11-16,567.23
AAPL,2025-11-17,567.67
AAPL,2025-11-18,573.94
AAPL,2025-11-19,573.25
AAPL,2025-11-20,573.92
AAPL,2025-11-21,556.98
AAPL,2025-11-22,564.69
AAPL,2025-11-23,567.63
AAPL,2025-11-24,576.19
AAPL,2025-11-25,551.69
AAPL,2025-11-26,569.25
AAPL,2025-11-27,568.06
AAPL,2025-11-28,577.58
AAPL,2025-11-29,568.64
AAPL,2025-11-30,573.89
AAPL,2025-12-01,564.89
AAPL,2025-12-02,559.63
AAPL,2025-12-03,575.93
AAPL,2025-12-04,574.29
AAPL,2025-12-05,576.17
AAPL,2025-12-06,583.73
AAPL,2025-12-07,588.09
AAPL,2025-12-08,589.42
AAPL,2025-12-09,592.65
AAPL,2025-12-10,614.41
AAPL,2025-12-11,613.88
AAPL,2025-12-12,615.73
AAPL,2025-12-13,625.51
AAPL,2025-12-14,635.97
AAPL,2025-12-15,647.4
AAPL,2025-12-16,653.63
AAPL,2025-12-17,642.52
AAPL,2025-12-18,658.46
AAPL,2025-12-19,647.23
AAPL,2025-12-20,650.18
AAPL,2025-12-21,642.86
AAPL,2025-12-22,642.24
AAPL,2025-12-23,645.42
AAPL,2025-12-24,648.54
AAPL,2025-12-25,652.66
AAPL,2025-12-26,668.65
AAPL,2025-12-27,673.21
AAPL,2025-12-28,670.75
AAPL,2025-12-29,680.52
AAPL,2025-12-30,692.77
AAPL,2025-12-31,680.13
AAPL,2026-01-01,686.25
AAPL,2026-01-02,693.51
AAPL,2026-01-03,690.42
AAPL,2026-01-04,704.82
AAPL,2026-01-05,703.23
AAPL,2026-01-06,704.56
AAPL,2026-01-07,702.73
AAPL,2026-01-08,702.89
AAPL,2026-01-09,691.43
AAPL,2026-01-10,676.65
AAPL,2026-01-11,693.03
AAPL,2026-01-12,684.29
AAPL,2026-01-13,674.18
AAPL,2026-01-14,652.76
AAPL,2026-01-15,646.53
AAPL,2026-01-16,633.82
AAPL,2026-01-17,649.63
AAPL,2026-01-18,659.54
AAPL,2026-01-19,652.77
AAPL,2026-01-20,675.2
AAPL,2026-01-21,685.22
AAPL,2026-01-22,681.89
AAPL,2026-01-23,656.8
AAPL,2026-01-24,679.76
AAPL,2026-01-25,665.74
AAPL,2026-01-26,649.51
AAPL,2026-01-27,659.55
AAPL,2026-01-28,684.13
AAPL,2026-01-29,698.49
AAPL,2026-01-30,704.42
AAPL,2026-01-31,710.73
AAPL,2026-02-01,719.89
AAPL,2026-02-02,728.13
AAPL,2026-02-03,731.21
AAPL,2026-02-04,732.35
AAPL,2026-02-05,731.66
AAPL,2026-02-06,723.44
AAPL,2026-02-07,720.4
AAPL,2026-02-08,702.33
AAPL,2026-02-09,701.3
AAPL,2026-02-10,690.98
AAPL,2026-02-11,679.63
AAPL,2026-02-12,681.47
AAPL,2026-02-13,695.85
AAPL,2026-02-14,705.5
AAPL,2026-02-15,689.07
AAPL,2026-02-16,678.92
AAPL,2026-02-17,688.57
AAPL,2026-02-18,678.49
AAPL,2026-02-19,676.21
AAPL,2026-02-20,681.81
AAPL,2026-02-21,671.98
AAPL,2026-02-22,673.05
AAPL,2026-02-23,659.71
AAPL,2026-02-24,653.79
AAPL,2026-02-25,656.93
AAPL,2026-02-26,641.42
AAPL,2026-02-27,645.67
AAPL,2026-02-28,645.48
AAPL,2026-03-01,650.85
AAPL,2026-03-02,653.04
AAPL,2026-03-03,666.54
AAPL,2026-03-04,667.8
AAPL,2026-03-05,663.51
AAPL,2026-03-06,664.73
AAPL,2026-03-07,670.17
AAPL,2026-03-08,670.66
MSFT,2025-03-09,86.64
MSFT,2025-03-10,85.74
MSFT,2025-03-11,84.89
MSFT,2025-03-12,83.12
MSFT,2025-03-13,85.33
MSFT,2025-03-14,83.75
MSFT,2025-03-15,82.89
MSFT,2025-03-16,82.0
MSFT,2025-03-17,83.11
MSFT,2025-03-18,82.74
MSFT,2025-03-19,84.3
MSFT,2025-03-20,83.46
MSFT,2025-03-21,83.81
MSFT,2025-03-22,82.76
MSFT,2025-03-23,85.47
MSFT,2025-03-24,83.96
MSFT,2025-03-25,84.35
MSFT,2025-03-26,85.16
MSFT,2025-03-27,85.69
MSFT,2025-03-28,85.45
MSFT,2025-03-29,85.28
MSFT,2025-03-30,85.34
MSFT,2025-03-31,85.15
MSFT,2025-04-01,86.39
MSFT,2025-04-02,89.3
MSFT,2025-04-03,88.56
MSFT,2025-04-04,86.76
MSFT,2025-04-05,86.64
MSFT,2025-04-06,90.06
MSFT,2025-04-07,88.98
MSFT,2025-04-08,91.2
MSFT,2025-04-09,93.52
MSFT,2025-04-10,92.75
MSFT,2025-04-11,93.54
MSFT,2025-04-12,95.86
MSFT,2025-04-13,95.31
MSFT,2025-04-14,95.02
MSFT,2025-04-15,94.2
MSFT,2025-04-16,92.77
MSFT,2025-04-17,91.87
MSFT,2025-04-18,90.2
MSFT,2025-04-19,90.25
MSFT,2025-04-20,89.21
MSFT,2025-04-21,89.53
MSFT,2025-04-22,87.46
MSFT,2025-04-23,87.9
MSFT,2025-04-24,89.0
MSFT,2025-04-25,86.38
MSFT,2025-04-26,86.87
MSFT,2025-04-27,88.48
MSFT,2025-04-28,86.89
MSFT,2025-04-29,89.1
MSFT,2025-04-30,89.66
MSFT,2025-05-01,88.72
MSFT,2025-05-02,88.64
MSFT,2025-05-03,89.39
MSFT,2025-05-04,89.49
MSFT,2025-05-05,90.21
MSFT,2025-05-06,88.98
MSFT,2025-05-07,89.2
MSFT,2025-05-08,87.33
MSFT,2025-05-09,87.19
MSFT,2025-05-10,86.01
MSFT,2025-05-11,85.07
MSFT,2025-05-12,86.66
MSFT,2025-05-13,88.09
MSFT,2025-05-14,88.9
MSFT,2025-05-15,87.45
MSFT,2025-05-16,87.04
MSFT,2025-05-17,88.64
MSFT,2025-05-18,88.83
MSFT,2025-05-19,91.97
MSFT,2025-05-20,92.52
MSFT,2025-05-21,92.78
MSFT,2025-05-22,92.35
MSFT,2025-05-23,92.54
MSFT,2025-05-24,92.33
MSFT,2025-05-25,93.31
MSFT,2025-05-26,94.66
MSFT,2025-05-27,93.55
MSFT,2025-05-28,91.7
MSFT,2025-05-29,89.21
MSFT,2025-05-30,89.89
MSFT,2025-05-31,88.42
MSFT,2025-06-01,85.61
MSFT,2025-06-02,86.11
MSFT,2025-06-03,89.39
MSFT,2025-06-04,89.38
MSFT,2025-06-05,90.51
MSFT,2025-06-06,90.62
MSFT,2025-06-07,90.49
MSFT,2025-06-08,91.75
MSFT,2025-06-09,91.35
MSFT,2025-06-10,91.72
MSFT,2025-06-11,92.16
MSFT,2025-06-12,91.24
MSFT,2025-06-13,92.61
MSFT,2025-06-14,92.37
MSFT,2025-06-15,91.32
MSFT,2025-06-16,92.06
MSFT,2025-06-17,90.83
MSFT,2025-06-18,90.87
MSFT,2025-06-19,90.86
MSFT,2025-06-20,92.35
MSFT,2025-06-21,93.01
MSFT,2025-06-22,92.97
MSFT,2025-06-23,94.12
MSFT,2025-06-24,96.1
MSFT,2025-06-25,96.91
MSFT,2025-06-26,96.93
MSFT,2025-06-27,95.04
MSFT,2025-06-28,93.53
MSFT,2025-06-29,93.1
MSFT,2025-06-30,92.26
MSFT,2025-07-01,92.0
MSFT,2025-07-02,92.08
MSFT,2025-07-03,92.81
MSFT,2025-07-04,92.71
MSFT,2025-07-05,93.39
MSFT,2025-07-06,93.48
MSFT,2025-07-07,90.75
MSFT,2025-07-08,89.48
MSFT,2025-07-09,89.29
MSFT,2025-07-10,87.68
MSFT,2025-07-11,88.48
MSFT,2025-07-12,90.53
MSFT,2025-07-13,92.2
MSFT,2025-07-14,91.91
MSFT,2025-07-15,93.99
MSFT,2025-07-16,94.2
MSFT,2025-07-17,93.72
MSFT,2025-07-18,92.86
MSFT,2025-07-19,92.44
MSFT,2025-07-20,91.9
MSFT,2025-07-21,92.14
MSFT,2025-07-22,92.36
MSFT,2025-07-23,92.37
MSFT,2025-07-24,92.97
MSFT,2025-07-25,94.65
MSFT,2025-07-26,96.01
MSFT,2025-07-27,93.89
MSFT,2025-07-28,90.36
MSFT,2025-07-29,91.64
MSFT,2025-07-30,89.78
MSFT,2025-07-31,89.48
MSFT,2025-08-01,87.92
MSFT,2025-08-02,85.58
MSFT,2025-08-03,86.27
MSFT,2025-08-04,87.26
MSFT,2025-08-05,86.51
MSFT,2025-08-06,83.21
MSFT,2025-08-07,82.53
MSFT,2025-08-08,83.02
MSFT,2025-08-09,81.2
MSFT,2025-08-10,81.42
MSFT,2025-08-11,81.4
MSFT,2025-08-12,82.11
MSFT,2025-08-13,82.26
MSFT,2025-08-14,81.07
MSFT,2025-08-15,82.54
MSFT,2025-08-16,82.34
MSFT,2025-08-17,82.31
MSFT,2025-08-18,81.16
MSFT,2025-08-19,80.63
MSFT,2025-08-20,79.56
MSFT,2025-08-21,79.36
MSFT,2025-08-22,81.42
MSFT,2025-08-23,79.76
MSFT,2025-08-24,77.85
MSFT,2025-08-25,79.59
MSFT,2025-08-26,79.34
MSFT,2025-08-27,78.55
MSFT,2025-08-28,79.78
MSFT,2025-08-29,79.06
MSFT,2025-08-30,81.26
MSFT,2025-08-31,82.09
MSFT,2025-09-01,81.49
MSFT,2025-09-02,84.17
MSFT,2025-09-03,83.41
MSFT,2025-09-04,84.34
MSFT,2025-09-05,84.72
MSFT,2025-09-06,86.39
MSFT,2025-09-07,88.44
MSFT,2025-09-08,88.48
MSFT,2025-09-09,87.49
MSFT,2025-09-10,88.09
MSFT,2025-09-11,87.2
MSFT,2025-09-12,89.88
MSFT,2025-09-13,90.06
MSFT,2025-09-14,89.57
MSFT,2025-09-15,89.82
MSFT,2025-09-16,88.02
MSFT,2025-09-17,86.75
MSFT,2025-09-18,88.32
MSFT,2025-09-19,87.46
MSFT,2025-09-20,86.09
MSFT,2025-09-21,86.79
MSFT,2025-09-22,88.35
MSFT,2025-09-23,89.31
MSFT,2025-09-24,90.65
MSFT,2025-09-25,89.63
MSFT,2025-09-26,87.74
MSFT,2025-09-27,89.73
MSFT,2025-09-28,89.3
MSFT,2025-09-29,88.97
MSFT,2025-09-30,90.76
MSFT,2025-10-01,91.52
MSFT,2025-10-02,92.14
MSFT,2025-10-03,95.19
MSFT,2025-10-04,94.27
MSFT,2025-10-05,95.59
MSFT,2025-10-06,95.67
MSFT,2025-10-07,96.06
MSFT,2025-10-08,98.29
MSFT,2025-10-09,99.04
MSFT,2025-10-10,99.84
MSFT,2025-10-11,101.46
MSFT,2025-10-12,100.91
MSFT,2025-10-13,99.65
MSFT,2025-10-14,98.1
MSFT,2025-10-15,95.25
MSFT,2025-10-16,98.23
MSFT,2025-10-17,96.62
MSFT,2025-10-18,96.3
MSFT,2025-10-19,95.9
MSFT,2025-10-20,96.34
MSFT,2025-10-21,97.53
MSFT,2025-10-22,98.79
MSFT,2025-10-23,97.93
MSFT,2025-10-24,97.69
MSFT,2025-10-25,98.1
MSFT,2025-10-26,97.74
MSFT,2025-10-27,100.12
MSFT,2025-10-28,100.86
MSFT,2025-10-29,101.98
MSFT,2025-10-30,103.0
MSFT,2025-10-31,104.83
MSFT,2025-11-01,105.11
MSFT,2025-11-02,103.09
MSFT,2025-11-03,103.71
MSFT,2025-11-04,102.7
MSFT,2025-11-05,101.89
MSFT,2025-11-06,102.79
MSFT,2025-11-07,104.72
MSFT,2025-11-08,104.75
MSFT,2025-11-09,105.24
MSFT,2025-11-10,107.96
MSFT,2025-11-11,108.35
MSFT,2025-11-12,112.66
MSFT,2025-11-13,113.62
MSFT,2025-11-14,110.66
MSFT,2025-11-15,111.92
MSFT,2025-11-16,112.56
MSFT,2025-11-17,114.76
MSFT,2025-11-18,115.92
MSFT,2025-11-19,115.68
MSFT,2025-11-20,113.58
MSFT,2025-11-21,113.22
MSFT,2025-11-22,111.79
MSFT,2025-11-23,110.82
MSFT,2025-11-24,111.8
MSFT,2025-11-25,114.63
MSFT,2025-11-26,115.32
MSFT,2025-11-27,113.26
MSFT,2025-11-28,114.02
MSFT,2025-11-29,116.09
MSFT,2025-11-30,115.03
MSFT,2025-12-01,114.8
MSFT,2025-12-02,114.83
MSFT,2025-12-03,113.48
MSFT,2025-12-04,114.59
MSFT,2025-12-05,114.38
MSFT,2025-12-06,115.1
MSFT,2025-12-07,113.58
MSFT,2025-12-08,112.84
MSFT,2025-12-09,114.07
MSFT,2025-12-10,113.43
MSFT,2025-12-11,116.41
MSFT,2025-12-12,115.71
MSFT,2025-12-13,116.1
MSFT,2025-12-14,117.74
MSFT,2025-12-15,115.26
MSFT,2025-12-16,112.26
MSFT,2025-12-17,109.72
MSFT,2025-12-18,111.81
MSFT,2025-12-19,110.89
MSFT,2025-12-20,115.23
MSFT,2025-12-21,114.26
MSFT,2025-12-22,114.58
MSFT,2025-12-23,117.26
MSFT,2025-12-24,120.84
MSFT,2025-12-25,124.64
MSFT,2025-12-26,126.91
MSFT,2025-12-27,128.88
MSFT,2025-12-28,130.03
MSFT,2025-12-29,131.56
MSFT,2025-12-30,130.47
MSFT,2025-12-31,128.88
MSFT,2026-01-01,128.88
MSFT,2026-01-02,128.55
MSFT,2026-01-03,127.68
MSFT,2026-01-04,129.02
MSFT,2026-01-05,130.88
MSFT,2026-01-06,131.05
MSFT,2026-01-07,133.99
MSFT,2026-01-08,131.71
MSFT,2026-01-09,131.33
MSFT,2026-01-10,129.93
MSFT,2026-01-11,126.34
MSFT,2026-01-12,126.18
MSFT,2026-01-13,125.95
MSFT,2026-01-14,128.85
MSFT,2026-01-15,130.07
MSFT,2026-01-16,128.09
MSFT,2026-01-17,131.7
MSFT,2026-01-18,134.13
MSFT,2026-01-19,135.31
MSFT,2026-01-20,134.85
MSFT,2026-01-21,132.93
MSFT,2026-01-22,132.19
MSFT,2026-01-23,134.36
MSFT,2026-01-24,138.21
MSFT,2026-01-25,141.45
MSFT,2026-01-26,140.42
MSFT,2026-01-27,138.08
MSFT,2026-01-28,138.37
MSFT,2026-01-29,134.75
MSFT,2026-01-30,135.4
MSFT,2026-01-31,135.1
MSFT,2026-02-01,134.16
MSFT,2026-02-02,130.99
MSFT,2026-02-03,132.0
MSFT,2026-02-04,130.95
MSFT,2026-02-05,128.68
MSFT,2026-02-06,123.25
MSFT,2026-02-07,123.2
MSFT,2026-02-08,126.52
MSFT,2026-02-09,129.71
MSFT,2026-02-10,128.82
MSFT,2026-02-11,127.67
MSFT,2026-02-12,128.57
MSFT,2026-02-13,126.66
MSFT,2026-02-14,127.23
MSFT,2026-02-15,128.7
MSFT,2026-02-16,131.09
MSFT,2026-02-17,130.89
MSFT,2026-02-18,130.5
MSFT,2026-02-19,128.79
MSFT,2026-02-20,127.2
MSFT,2026-02-21,126.77
MSFT,2026-02-22,127.47
MSFT,2026-02-23,129.23
MSFT,2026-02-24,127.68
MSFT,2026-02-25,130.57
MSFT,2026-02-26,130.04
MSFT,2026-02-27,130.0
MSFT,2026-02-28,128.55
MSFT,2026-03-01,123.96
MSFT,2026-03-02,125.62
MSFT,2026-03-03,127.01
MSFT,2026-03-04,126.48
MSFT,2026-03-05,126.6
MSFT,2026-03-06,127.59
MSFT,2026-03-07,124.63
MSFT,2026-03-08,123.65
GOOGL,2025-03-09,206.67
GOOGL,2025-03-10,202.82
GOOGL,2025-03-11,203.71
GOOGL,2025-03-12,199.61
GOOGL,2025-03-13,201.01
GOOGL,2025-03-14,200.9
GOOGL,2025-03-15,196.09
GOOGL,2025-03-16,199.55
GOOGL,2025-03-17,197.36
GOOGL,2025-03-18,194.98
GOOGL,2025-03-19,195.57
GOOGL,2025-03-20,198.96
GOOGL,2025-03-21,195.96
GOOGL,2025-03-22,196.14
GOOGL,2025-03-23,197.4
GOOGL,2025-03-24,199.47
GOOGL,2025-03-25,199.99
GOOGL,2025-03-26,198.9
GOOGL,2025-03-27,196.44
GOOGL,2025-03-28,196.7
GOOGL,2025-03-29,193.56
GOOGL,2025-03-30,185.26
GOOGL,2025-03-31,186.48
GOOGL,2025-04-01,189.02
GOOGL,2025-04-02,182.44
GOOGL,2025-04-03,179.7
GOOGL,2025-04-04,181.37
GOOGL,2025-04-05,187.06
GOOGL,2025-04-06,187.12
GOOGL,2025-04-07,185.09
GOOGL,2025-04-08,184.58
GOOGL,2025-04-09,188.42
GOOGL,2025-04-10,186.61
GOOGL,2025-04-11,184.38
GOOGL,2025-04-12,183.05
GOOGL,2025-04-13,180.45
GOOGL,2025-04-14,180.79
GOOGL,2025-04-15,185.25
GOOGL,2025-04-16,186.15
GOOGL,2025-04-17,185.44
GOOGL,2025-04-18,184.63
GOOGL,2025-04-19,180.35
GOOGL,2025-04-20,182.76
GOOGL,2025-04-21,182.55
GOOGL,2025-04-22,182.05
GOOGL,2025-04-23,190.98
GOOGL,2025-04-24,191.84
GOOGL,2025-04-25,189.69
GOOGL,2025-04-26,188.48
GOOGL,2025-04-27,191.76
GOOGL,2025-04-28,192.08
GOOGL,2025-04-29,187.98
GOOGL,2025-04-30,190.59
GOOGL,2025-05-01,188.69
GOOGL,2025-05-02,194.07
GOOGL,2025-05-03,197.24
GOOGL,2025-05-04,195.92
GOOGL,2025-05-05,199.72
GOOGL,2025-05-06,199.93
GOOGL,2025-05-07,202.5
GOOGL,2025-05-08,203.98
GOOGL,2025-05-09,201.4
GOOGL,2025-05-10,199.47
GOOGL,2025-05-11,202.57
GOOGL,2025-05-12,201.56
GOOGL,2025-05-13,200.34
GOOGL,2025-05-14,197.49
GOOGL,2025-05-15,198.75
GOOGL,2025-05-16,205.0
GOOGL,2025-05-17,201.74
GOOGL,2025-05-18,201.81
GOOGL,2025-05-19,206.13
GOOGL,2025-05-20,205.89
GOOGL,2025-05-21,207.29
GOOGL,2025-05-22,204.01
GOOGL,2025-05-23,205.33
GOOGL,2025-05-24,204.75
GOOGL,2025-05-25,207.8
GOOGL,2025-05-26,211.54
GOOGL,2025-05-27,219.91
GOOGL,2025-05-28,221.84
GOOGL,2025-05-29,222.92
GOOGL,2025-05-30,223.57
GOOGL,2025-05-31,222.39
GOOGL,2025-06-01,223.52
GOOGL,2025-06-02,222.54
GOOGL,2025-06-03,223.1
GOOGL,2025-06-04,227.55
GOOGL,2025-06-05,224.14
GOOGL,2025-06-06,228.01
GOOGL,2025-06-07,232.56
GOOGL,2025-06-08,232.15
GOOGL,2025-06-09,224.87
GOOGL,2025-06-10,222.83
GOOGL,2025-06-11,227.21
GOOGL,2025-06-12,227.13
GOOGL,2025-06-13,223.75
GOOGL,2025-06-14,222.06
GOOGL,2025-06-15,224.88
GOOGL,2025-06-16,226.73
GOOGL,2025-06-17,225.92
GOOGL,2025-06-18,224.68
GOOGL,2025-06-19,223.37
GOOGL,2025-06-20,220.3
GOOGL,2025-06-21,225.7
GOOGL,2025-06-22,224.61
GOOGL,2025-06-23,228.75
GOOGL,2025-06-24,234.03
GOOGL,2025-06-25,237.56
GOOGL,2025-06-26,236.03
GOOGL,2025-06-27,237.46
GOOGL,2025-06-28,237.38
GOOGL,2025-06-29,234.18
GOOGL,2025-06-30,235.32
GOOGL,2025-07-01,231.2
GOOGL,2025-07-02,235.35
GOOGL,2025-07-03,233.72
GOOGL,2025-07-04,234.42
GOOGL,2025-07-05,235.42
GOOGL,2025-07-06,234.51
GOOGL,2025-07-07,236.58
GOOGL,2025-07-08,234.9
GOOGL,2025-07-09,237.99
GOOGL,2025-07-10,233.24
GOOGL,2025-07-11,233.68
GOOGL,2025-07-12,240.58
GOOGL,2025-07-13,236.99
GOOGL,2025-07-14,234.6
GOOGL,2025-07-15,236.41
GOOGL,2025-07-16,237.05
GOOGL,2025-07-17,238.3
GOOGL,2025-07-18,240.05
GOOGL,2025-07-19,242.35
GOOGL,2025-07-20,246.42
GOOGL,2025-07-21,247.94
GOOGL,2025-07-22,247.04
GOOGL,2025-07-23,249.55
GOOGL,2025-07-24,256.76
GOOGL,2025-07-25,256.25
GOOGL,2025-07-26,252.53
GOOGL,2025-07-27,256.76
GOOGL,2025-07-28,256.3
GOOGL,2025-07-29,248.08
GOOGL,2025-07-30,251.25
GOOGL,2025-07-31,249.24
GOOGL,2025-08-01,248.91
GOOGL,2025-08-02,250.15
GOOGL,2025-08-03,250.86
GOOGL,2025-08-04,253.55
GOOGL,2025-08-05,251.9
GOOGL,2025-08-06,253.84
GOOGL,2025-08-07,252.86
GOOGL,2025-08-08,255.67
GOOGL,2025-08-09,258.05
GOOGL,2025-08-10,254.45
GOOGL,2025-08-11,258.63
GOOGL,2025-08-12,256.56
GOOGL,2025-08-13,259.69
GOOGL,2025-08-14,261.12
GOOGL,2025-08-15,268.42
GOOGL,2025-08-16,267.52
GOOGL,2025-08-17,266.12
GOOGL,2025-08-18,266.05
GOOGL,2025-08-19,264.84
GOOGL,2025-08-20,268.04
GOOGL,2025-08-21,261.62
GOOGL,2025-08-22,257.51
GOOGL,2025-08-23,253.42
GOOGL,2025-08-24,257.06
GOOGL,2025-08-25,263.74
GOOGL,2025-08-26,263.33
GOOGL,2025-08-27,262.66
GOOGL,2025-08-28,262.94
GOOGL,2025-08-29,267.56
GOOGL,2025-08-30,263.87
GOOGL,2025-08-31,264.81
GOOGL,2025-09-01,268.71
GOOGL,2025-09-02,270.74
GOOGL,2025-09-03,271.51
GOOGL,2025-09-04,275.62
GOOGL,2025-09-05,264.67
GOOGL,2025-09-06,267.37
GOOGL,2025-09-07,264.76
GOOGL,2025-09-08,257.59
GOOGL,2025-09-09,259.57
GOOGL,2025-09-10,264.98
GOOGL,2025-09-11,264.43
GOOGL,2025-09-12,268.24
GOOGL,2025-09-13,274.8
GOOGL,2025-09-14,280.28
GOOGL,2025-09-15,287.26
GOOGL,2025-09-16,290.47
GOOGL,2025-09-17,290.8
GOOGL,2025-09-18,283.9
GOOGL,2025-09-19,282.85
GOOGL,2025-09-20,279.3
GOOGL,2025-09-21,288.54
GOOGL,2025-09-22,287.78
GOOGL,2025-09-23,288.31
GOOGL,2025-09-24,290.71
GOOGL,2025-09-25,290.9
GOOGL,2025-09-26,298.39
GOOGL,2025-09-27,295.62
GOOGL,2025-09-28,296.48
GOOGL,2025-09-29,293.2
GOOGL,2025-09-30,287.45
GOOGL,2025-10-01,284.82
GOOGL,2025-10-02,284.66
GOOGL,2025-10-03,282.84
GOOGL,2025-10-04,279.92
GOOGL,2025-10-05,274.07
GOOGL,2025-10-06,273.73
GOOGL,2025-10-07,267.62
GOOGL,2025-10-08,270.69
GOOGL,2025-10-09,271.03
GOOGL,2025-10-10,265.16
GOOGL,2025-10-11,263.94
GOOGL,2025-10-12,260.98
GOOGL,2025-10-13,262.23
GOOGL,2025-10-14,267.55
GOOGL,2025-10-15,260.13
GOOGL,2025-10-16,260.58
GOOGL,2025-10-17,259.96
GOOGL,2025-10-18,262.59
GOOGL,2025-10-19,263.43
GOOGL,2025-10-20,260.47
GOOGL,2025-10-21,259.23
GOOGL,2025-10-22,256.15
GOOGL,2025-10-23,260.32
GOOGL,2025-10-24,260.41
GOOGL,2025-10-25,267.94
GOOGL,2025-10-26,267.7
GOOGL,2025-10-27,264.87
GOOGL,2025-10-28,258.92
GOOGL,2025-10-29,252.01
GOOGL,2025-10-30,246.09
GOOGL,2025-10-31,247.08
GOOGL,2025-11-01,248.97
GOOGL,2025-11-02,243.14
GOOGL,2025-11-03,246.42
GOOGL,2025-11-04,244.64
GOOGL,2025-11-05,245.18
GOOGL,2025-11-06,251.19
GOOGL,2025-11-07,254.59
GOOGL,2025-11-08,253.56
GOOGL,2025-11-09,250.2
GOOGL,2025-11-10,242.25
GOOGL,2025-11-11,239.65
GOOGL,2025-11-12,238.89
GOOGL,2025-11-13,235.38
GOOGL,2025-11-14,234.92
GOOGL,2025-11-15,235.19
GOOGL,2025-11-16,234.4
GOOGL,2025-11-17,232.12
GOOGL,2025-11-18,232.71
GOOGL,2025-11-19,234.26
GOOGL,2025-11-20,230.46
GOOGL,2025-11-21,235.39
GOOGL,2025-11-22,235.04
GOOGL,2025-11-23,235.11
GOOGL,2025-11-24,237.62
GOOGL,2025-11-25,238.45
GOOGL,2025-11-26,241.88
GOOGL,2025-11-27,242.93
GOOGL,2025-11-28,240.71
GOOGL,2025-11-29,242.02
GOOGL,2025-11-30,237.9
GOOGL,2025-12-01,238.29
GOOGL,2025-12-02,238.17
GOOGL,2025-12-03,237.43
GOOGL,2025-12-04,236.97
GOOGL,2025-12-05,230.37
GOOGL,2025-12-06,228.48
GOOGL,2025-12-07,228.8
GOOGL,2025-12-08,229.35
GOOGL,2025-12-09,225.84
GOOGL,2025-12-10,230.17
GOOGL,2025-12-11,227.2
GOOGL,2025-12-12,230.53
GOOGL,2025-12-13,232.01
GOOGL,2025-12-14,229.77
GOOGL,2025-12-15,235.97
GOOGL,2025-12-16,231.79
GOOGL,2025-12-17,235.0
GOOGL,2025-12-18,238.56
GOOGL,2025-12-19,236.17
GOOGL,2025-12-20,241.16
GOOGL,2025-12-21,240.25
GOOGL,2025-12-22,241.3
GOOGL,2025-12-23,242.24
GOOGL,2025-12-24,241.75
GOOGL,2025-12-25,244.71
GOOGL,2025-12-26,247.64
GOOGL,2025-12-27,241.23
GOOGL,2025-12-28,246.0
GOOGL,2025-12-29,239.94
GOOGL,2025-12-30,243.68
GOOGL,2025-12-31,247.84
GOOGL,2026-01-01,243.81
GOOGL,2026-01-02,242.31
GOOGL,2026-01-03,238.33
GOOGL,2026-01-04,237.56
GOOGL,2026-01-05,236.47
GOOGL,2026-01-06,239.25
GOOGL,2026-01-07,244.0
GOOGL,2026-01-08,249.16
GOOGL,2026-01-09,247.07
GOOGL,2026-01-10,246.29
GOOGL,2026-01-11,240.15
GOOGL,2026-01-12,237.27
GOOGL,2026-01-13,240.73
GOOGL,2026-01-14,246.63
GOOGL,2026-01-15,242.11
GOOGL,2026-01-16,239.96
GOOGL,2026-01-17,239.87
GOOGL,2026-01-18,240.88
GOOGL,2026-01-19,237.97
GOOGL,2026-01-20,239.49
GOOGL,2026-01-21,237.79
GOOGL,2026-01-22,237.74
GOOGL,2026-01-23,239.7
GOOGL,2026-01-24,239.72
GOOGL,2026-01-25,238.16
GOOGL,2026-01-26,237.77
GOOGL,2026-01-27,237.45
GOOGL,2026-01-28,236.14
GOOGL,2026-01-29,235.22
GOOGL,2026-01-30,240.93
GOOGL,2026-01-31,242.97
GOOGL,2026-02-01,241.89
GOOGL,2026-02-02,244.43
GOOGL,2026-02-03,243.21
GOOGL,2026-02-04,247.53
GOOGL,2026-02-05,248.91
GOOGL,2026-02-06,248.51
GOOGL,2026-02-07,250.18
GOOGL,2026-02-08,244.35
GOOGL,2026-02-09,240.26
GOOGL,2026-02-10,236.0
GOOGL,2026-02-11,236.5
GOOGL,2026-02-12,242.73
GOOGL,2026-02-13,250.99
GOOGL,2026-02-14,253.4
GOOGL,2026-02-15,255.31
GOOGL,2026-02-16,248.51
GOOGL,2026-02-17,246.49
GOOGL,2026-02-18,243.6
GOOGL,2026-02-19,241.34
GOOGL,2026-02-20,240.73
GOOGL,2026-02-21,239.03
GOOGL,2026-02-22,232.04
GOOGL,2026-02-23,234.66
GOOGL,2026-02-24,230.91
GOOGL,2026-02-25,231.74
GOOGL,2026-02-26,239.07
GOOGL,2026-02-27,235.79
GOOGL,2026-02-28,227.01
GOOGL,2026-03-01,226.04
GOOGL,2026-03-02,229.8
GOOGL,2026-03-03,236.65
GOOGL,2026-03-04,232.33
GOOGL,2026-03-05,234.07
GOOGL,2026-03-06,232.44
GOOGL,2026-03-07,232.07
GOOGL,2026-03-08,241.46
AMZN,2025-03-09,485.24
AMZN,2025-03-10,487.09
AMZN,2025-03-11,490.52
AMZN,2025-03-12,498.57
AMZN,2025-03-13,499.3
AMZN,2025-03-14,501.62
AMZN,2025-03-15,498.68
AMZN,2025-03-16,500.69
AMZN,2025-03-17,498.12
AMZN,2025-03-18,502.79
AMZN,2025-03-19,500.01
AMZN,2025-03-20,502.85
AMZN,2025-03-21,502.63
AMZN,2025-03-22,511.19
AMZN,2025-03-23,510.79
AMZN,2025-03-24,497.39
AMZN,2025-03-25,506.89
AMZN,2025-03-26,500.05
AMZN,2025-03-27,495.17
AMZN,2025-03-28,490.77
AMZN,2025-03-29,500.99
AMZN,2025-03-30,485.2
AMZN,2025-03-31,508.58
AMZN,2025-04-01,516.7
AMZN,2025-04-02,518.43
AMZN,2025-04-03,518.01
AMZN,2025-04-04,520.23
AMZN,2025-04-05,524.31
AMZN,2025-04-06,529.41
AMZN,2025-04-07,533.84
AMZN,2025-04-08,534.56
AMZN,2025-04-09,532.98
AMZN,2025-04-10,531.77
AMZN,2025-04-11,530.22
AMZN,2025-04-12,539.31
AMZN,2025-04-13,544.14
AMZN,2025-04-14,520.66
AMZN,2025-04-15,525.81
AMZN,2025-04-16,527.34
AMZN,2025-04-17,527.2
AMZN,2025-04-18,524.13
AMZN,2025-04-19,533.05
AMZN,2025-04-20,540.68
AMZN,2025-04-21,534.44
AMZN,2025-04-22,537.72
AMZN,2025-04-23,529.94
AMZN,2025-04-24,519.08
AMZN,2025-04-25,514.23
AMZN,2025-04-26,520.92
AMZN,2025-04-27,528.42
AMZN,2025-04-28,532.5
AMZN,2025-04-29,538.33
AMZN,2025-04-30,542.51
AMZN,2025-05-01,537.32
AMZN,2025-05-02,540.81
AMZN,2025-05-03,547.34
AMZN,2025-05-04,553.57
AMZN,2025-05-05,563.53
AMZN,2025-05-06,569.55
AMZN,2025-05-07,572.56
AMZN,2025-05-08,581.82
AMZN,2025-05-09,581.59
AMZN,2025-05-10,573.95
AMZN,2025-05-11,572.55
AMZN,2025-05-12,566.19
AMZN,2025-05-13,560.48
AMZN,2025-05-14,559.27
AMZN,2025-05-15,552.66
AMZN,2025-05-16,550.11
AMZN,2025-05-17,534.71
AMZN,2025-05-18,536.42
AMZN,2025-05-19,536.43
AMZN,2025-05-20,529.9
AMZN,2025-05-21,535.16
AMZN,2025-05-22,542.74
AMZN,2025-05-23,529.81
AMZN,2025-05-24,523.78
AMZN,2025-05-25,517.77
AMZN,2025-05-26,510.53
AMZN,2025-05-27,516.92
AMZN,2025-05-28,515.42
AMZN,2025-05-29,513.38
AMZN,2025-05-30,498.17
AMZN,2025-05-31,502.95
AMZN,2025-06-01,493.68
AMZN,2025-06-02,494.13
AMZN,2025-06-03,496.19
AMZN,2025-06-04,506.42
AMZN,2025-06-05,496.57
AMZN,2025-06-06,474.58
AMZN,2025-06-07,475.89
AMZN,2025-06-08,488.92
AMZN,2025-06-09,498.09
AMZN,2025-06-10,499.66
AMZN,2025-06-11,495.99
AMZN,2025-06-12,502.03
AMZN,2025-06-13,494.75
AMZN,2025-06-14,498.3
AMZN,2025-06-15,502.09
AMZN,2025-06-16,510.14
AMZN,2025-06-17,531.7
AMZN,2025-06-18,534.84
AMZN,2025-06-19,530.78
AMZN,2025-06-20,530.57
AMZN,2025-06-21,516.68
AMZN,2025-06-22,511.32
AMZN,2025-06-23,508.19
AMZN,2025-06-24,504.21
AMZN,2025-06-25,505.37
AMZN,2025-06-26,499.17
AMZN,2025-06-27,507.63
AMZN,2025-06-28,507.64
AMZN,2025-06-29,507.57
AMZN,2025-06-30,505.08
AMZN,2025-07-01,506.25
AMZN,2025-07-02,512.56
AMZN,2025-07-03,505.93
AMZN,2025-07-04,500.96
AMZN,2025-07-05,498.69
AMZN,2025-07-06,488.72
AMZN,2025-07-07,482.75
AMZN,2025-07-08,479.31
AMZN,2025-07-09,485.64
AMZN,2025-07-10,487.56
AMZN,2025-07-11,488.98
AMZN,2025-07-12,495.26
AMZN,2025-07-13,494.24
AMZN,2025-07-14,497.14
AMZN,2025-07-15,496.37
AMZN,2025-07-16,498.35
AMZN,2025-07-17,494.01
AMZN,2025-07-18,476.27
AMZN,2025-07-19,475.31
AMZN,2025-07-20,485.56
AMZN,2025-07-21,492.36
AMZN,2025-07-22,499.54
AMZN,2025-07-23,508.89
AMZN,2025-07-24,509.56
AMZN,2025-07-25,511.07
AMZN,2025-07-26,506.36
AMZN,2025-07-27,503.97
AMZN,2025-07-28,508.64
AMZN,2025-07-29,517.91
AMZN,2025-07-30,516.83
AMZN,2025-07-31,513.35
AMZN,2025-08-01,513.36
AMZN,2025-08-02,518.01
AMZN,2025-08-03,506.91
AMZN,2025-08-04,489.75
AMZN,2025-08-05,485.72
AMZN,2025-08-06,476.9
AMZN,2025-08-07,473.28
AMZN,2025-08-08,472.24
AMZN,2025-08-09,469.04
AMZN,2025-08-10,479.37
AMZN,2025-08-11,481.72
AMZN,2025-08-12,483.9
AMZN,2025-08-13,488.44
AMZN,2025-08-14,480.16
AMZN,2025-08-15,487.71
AMZN,2025-08-16,487.15
AMZN,2025-08-17,492.08
AMZN,2025-08-18,484.23
AMZN,2025-08-19,473.07
AMZN,2025-08-20,478.91
AMZN,2025-08-21,481.62
AMZN,2025-08-22,475.15
AMZN,2025-08-23,468.99
AMZN,2025-08-24,476.98
AMZN,2025-08-25,468.54
AMZN,2025-08-26,480.23
AMZN,2025-08-27,473.79
AMZN,2025-08-28,478.35
AMZN,2025-08-29,475.99
AMZN,2025-08-30,480.32
AMZN,2025-08-31,476.42
AMZN,2025-09-01,475.25
AMZN,2025-09-02,475.55
AMZN,2025-09-03,468.45
AMZN,2025-09-04,473.69
AMZN,2025-09-05,470.05
AMZN,2025-09-06,468.44
AMZN,2025-09-07,461.51
AMZN,2025-09-08,444.11
AMZN,2025-09-09,442.84
AMZN,2025-09-10,459.16
AMZN,2025-09-11,464.59
AMZN,2025-09-12,464.46
AMZN,2025-09-13,462.63
AMZN,2025-09-14,462.79
AMZN,2025-09-15,466.6
AMZN,2025-09-16,458.41
AMZN,2025-09-17,466.13
AMZN,2025-09-18,471.16
AMZN,2025-09-19,476.27
AMZN,2025-09-20,479.41
AMZN,2025-09-21,479.55
AMZN,2025-09-22,484.41
AMZN,2025-09-23,488.73
AMZN,2025-09-24,486.14
AMZN,2025-09-25,481.98
AMZN,2025-09-26,482.72
AMZN,2025-09-27,494.06
AMZN,2025-09-28,484.97
AMZN,2025-09-29,474.41
AMZN,2025-09-30,475.58
AMZN,2025-10-01,475.94
AMZN,2025-10-02,477.18
AMZN,2025-10-03,478.93
AMZN,2025-10-04,477.33
AMZN,2025-10-05,488.12
AMZN,2025-10-06,476.54
AMZN,2025-10-07,470.65
AMZN,2025-10-08,469.92
AMZN,2025-10-09,458.48
AMZN,2025-10-10,457.27
AMZN,2025-10-11,468.81
AMZN,2025-10-12,468.96
AMZN,2025-10-13,470.59
AMZN,2025-10-14,461.78
AMZN,2025-10-15,457.53
AMZN,2025-10-16,454.96
AMZN,2025-10-17,452.79
AMZN,2025-10-18,461.58
AMZN,2025-10-19,465.46
AMZN,2025-10-20,457.77
AMZN,2025-10-21,459.46
AMZN,2025-10-22,462.91
AMZN,2025-10-23,470.89
AMZN,2025-10-24,482.19
AMZN,2025-10-25,474.9
AMZN,2025-10-26,469.16
AMZN,2025-10-27,460.4
AMZN,2025-10-28,458.78
AMZN,2025-10-29,462.0
AMZN,2025-10-30,468.9
AMZN,2025-10-31,468.36
AMZN,2025-11-01,466.12
AMZN,2025-11-02,467.18
AMZN,2025-11-03,461.37
AMZN,2025-11-04,476.06
AMZN,2025-11-05,464.71
AMZN,2025-11-06,466.0
AMZN,2025-11-07,480.37
AMZN,2025-11-08,480.41
AMZN,2025-11-09,479.05
AMZN,2025-11-10,476.48
AMZN,2025-11-11,475.2
AMZN,2025-11-12,485.08
AMZN,2025-11-13,469.25
AMZN,2025-11-14,480.17
AMZN,2025-11-15,470.03
AMZN,2025-11-16,468.15
AMZN,2025-11-17,465.14
AMZN,2025-11-18,469.27
AMZN,2025-11-19,458.15
AMZN,2025-11-20,461.34
AMZN,2025-11-21,475.56
AMZN,2025-11-22,465.94
AMZN,2025-11-23,467.27
AMZN,2025-11-24,462.65
AMZN,2025-11-25,465.61
AMZN,2025-11-26,465.75
AMZN,2025-11-27,461.29
AMZN,2025-11-28,464.68
AMZN,2025-11-29,477.42
AMZN,2025-11-30,476.06
AMZN,2025-12-01,481.23
AMZN,2025-12-02,471.98
AMZN,2025-12-03,465.26
AMZN,2025-12-04,468.57
AMZN,2025-12-05,479.12
AMZN,2025-12-06,481.68
AMZN,2025-12-07,479.42
AMZN,2025-12-08,479.42
AMZN,2025-12-09,470.51
AMZN,2025-12-10,474.79
AMZN,2025-12-11,481.12
AMZN,2025-12-12,477.87
AMZN,2025-12-13,474.51
AMZN,2025-12-14,476.41
AMZN,2025-12-15,473.3
AMZN,2025-12-16,472.83
AMZN,2025-12-17,487.96
AMZN,2025-12-18,486.15
AMZN,2025-12-19,483.55
AMZN,2025-12-20,478.87
AMZN,2025-12-21,484.25
AMZN,2025-12-22,482.93
AMZN,2025-12-23,478.25
AMZN,2025-12-24,487.82
AMZN,2025-12-25,498.32
AMZN,2025-12-26,493.86
AMZN,2025-12-27,480.22
AMZN,2025-12-28,487.53
AMZN,2025-12-29,482.55
AMZN,2025-12-30,488.31
AMZN,2025-12-31,474.09
AMZN,2026-01-01,480.48
AMZN,2026-01-02,471.83
AMZN,2026-01-03,477.03
AMZN,2026-01-04,477.13
AMZN,2026-01-05,470.35
AMZN,2026-01-06,467.49
AMZN,2026-01-07,472.33
AMZN,2026-01-08,473.08
AMZN,2026-01-09,477.24
AMZN,2026-01-10,491.6
AMZN,2026-01-11,480.2
AMZN,2026-01-12,492.0
AMZN,2026-01-13,492.77
AMZN,2026-01-14,486.17
AMZN,2026-01-15,476.56
AMZN,2026-01-16,475.21
AMZN,2026-01-17,481.83
AMZN,2026-01-18,480.91
AMZN,2026-01-19,491.93
AMZN,2026-01-20,481.34
AMZN,2026-01-21,481.25
AMZN,2026-01-22,472.3
AMZN,2026-01-23,474.88
AMZN,2026-01-24,481.24
AMZN,2026-01-25,478.21
AMZN,2026-01-26,459.89
AMZN,2026-01-27,461.26
AMZN,2026-01-28,464.3
AMZN,2026-01-29,467.12
AMZN,2026-01-30,475.86
AMZN,2026-01-31,468.28
AMZN,2026-02-01,473.08
AMZN,2026-02-02,481.62
AMZN,2026-02-03,468.94
AMZN,2026-02-04,471.19
AMZN,2026-02-05,467.64
AMZN,2026-02-06,467.07
AMZN,2026-02-07,469.51
AMZN,2026-02-08,466.09
AMZN,2026-02-09,461.39
AMZN,2026-02-10,461.63
AMZN,2026-02-11,454.16
AMZN,2026-02-12,446.83
AMZN,2026-02-13,451.4
AMZN,2026-02-14,443.69
AMZN,2026-02-15,448.15
AMZN,2026-02-16,451.27
AMZN,2026-02-17,439.74
AMZN,2026-02-18,435.29
AMZN,2026-02-19,443.16
AMZN,2026-02-20,436.68
AMZN,2026-02-21,433.65
AMZN,2026-02-22,436.67
AMZN,2026-02-23,441.83
AMZN,2026-02-24,440.16
AMZN,2026-02-25,436.24
AMZN,2026-02-26,445.64
AMZN,2026-02-27,457.42
AMZN,2026-02-28,464.19
AMZN,2026-03-01,464.78
AMZN,2026-03-02,459.18
AMZN,2026-03-03,453.5
AMZN,2026-03-04,457.06
AMZN,2026-03-05,459.94
AMZN,2026-03-06,469.71
AMZN,2026-03-07,474.32
AMZN,2026-03-08,463.74
NVDA,2025-03-09,58.08
NVDA,2025-03-10,57.22
NVDA,2025-03-11,56.89
NVDA,2025-03-12,57.1
NVDA,2025-03-13,58.84
NVDA,2025-03-14,61.65
NVDA,2025-03-15,62.21
NVDA,2025-03-16,62.04
NVDA,2025-03-17,62.54
NVDA,2025-03-18,63.38
NVDA,2025-03-19,63.07
NVDA,2025-03-20,64.79
NVDA,2025-03-21,65.02
NVDA,2025-03-22,65.51
NVDA,2025-03-23,66.16
NVDA,2025-03-24,66.58
NVDA,2025-03-25,67.43
NVDA,2025-03-26,66.8
NVDA,2025-03-27,66.25
NVDA,2025-03-28,65.16
NVDA,2025-03-29,65.59
NVDA,2025-03-30,66.37
NVDA,2025-03-31,66.82
NVDA,2025-04-01,68.52
NVDA,2025-04-02,68.52
NVDA,2025-04-03,69.21
NVDA,2025-04-04,68.08
NVDA,2025-04-05,67.69
NVDA,2025-04-06,68.4
NVDA,2025-04-07,69.28
NVDA,2025-04-08,68.97
NVDA,2025-04-09,68.9
NVDA,2025-04-10,67.35
NVDA,2025-04-11,66.99
NVDA,2025-04-12,67.89
NVDA,2025-04-13,68.48
NVDA,2025-04-14,68.99
NVDA,2025-04-15,69.04
NVDA,2025-04-16,69.05
NVDA,2025-04-17,68.37
NVDA,2025-04-18,69.09
NVDA,2025-04-19,69.53
NVDA,2025-04-20,70.04
NVDA,2025-04-21,69.49
NVDA,2025-04-22,67.28
NVDA,2025-04-23,68.4
NVDA,2025-04-24,67.91
NVDA,2025-04-25,67.04
NVDA,2025-04-26,67.74
NVDA,2025-04-27,67.34
NVDA,2025-04-28,68.42
NVDA,2025-04-29,69.06
NVDA,2025-04-30,69.77
NVDA,2025-05-01,68.35
NVDA,2025-05-02,69.61
NVDA,2025-05-03,69.88
NVDA,2025-05-04,69.49
NVDA,2025-05-05,69.64
NVDA,2025-05-06,67.81
NVDA,2025-05-07,68.23
NVDA,2025-05-08,67.18
NVDA,2025-05-09,65.84
NVDA,2025-05-10,64.35
NVDA,2025-05-11,65.43
NVDA,2025-05-12,64.82
NVDA,2025-05-13,66.33
NVDA,2025-05-14,65.79
NVDA,2025-05-15,64.13
NVDA,2025-05-16,63.07
NVDA,2025-05-17,64.25
NVDA,2025-05-18,64.1
NVDA,2025-05-19,63.57
NVDA,2025-05-20,63.72
NVDA,2025-05-21,64.2
NVDA,2025-05-22,65.29
NVDA,2025-05-23,66.72
NVDA,2025-05-24,66.37
NVDA,2025-05-25,65.06
NVDA,2025-05-26,64.66
NVDA,2025-05-27,64.91
NVDA,2025-05-28,63.98
NVDA,2025-05-29,63.07
NVDA,2025-05-30,63.39
NVDA,2025-05-31,63.35
NVDA,2025-06-01,63.38
NVDA,2025-06-02,62.66
NVDA,2025-06-03,62.44
NVDA,2025-06-04,61.58
NVDA,2025-06-05,62.41
NVDA,2025-06-06,63.39
NVDA,2025-06-07,61.66
NVDA,2025-06-08,60.8
NVDA,2025-06-09,59.45
NVDA,2025-06-10,58.88
NVDA,2025-06-11,58.8
NVDA,2025-06-12,57.54
NVDA,2025-06-13,56.75
NVDA,2025-06-14,55.9
NVDA,2025-06-15,56.07
NVDA,2025-06-16,56.13
NVDA,2025-06-17,55.53
NVDA,2025-06-18,55.68
NVDA,2025-06-19,55.22
NVDA,2025-06-20,55.0
NVDA,2025-06-21,56.39
NVDA,2025-06-22,57.54
NVDA,2025-06-23,56.43
NVDA,2025-06-24,57.14
NVDA,2025-06-25,57.83
NVDA,2025-06-26,56.85
NVDA,2025-06-27,57.55
NVDA,2025-06-28,58.89
NVDA,2025-06-29,57.91
NVDA,2025-06-30,57.12
NVDA,2025-07-01,58.0
NVDA,2025-07-02,58.23
NVDA,2025-07-03,58.72
NVDA,2025-07-04,59.02
NVDA,2025-07-05,59.36
NVDA,2025-07-06,58.19
NVDA,2025-07-07,59.12
NVDA,2025-07-08,60.16
NVDA,2025-07-09,59.96
NVDA,2025-07-10,59.92
NVDA,2025-07-11,58.56
NVDA,2025-07-12,59.01
NVDA,2025-07-13,59.52
NVDA,2025-07-14,59.46
NVDA,2025-07-15,60.47
NVDA,2025-07-16,60.17
NVDA,2025-07-17,60.68
NVDA,2025-07-18,59.76
NVDA,2025-07-19,59.74
NVDA,2025-07-20,59.59
NVDA,2025-07-21,59.79
NVDA,2025-07-22,59.46
NVDA,2025-07-23,59.34
NVDA,2025-07-24,60.08
NVDA,2025-07-25,59.69
NVDA,2025-07-26,58.27
NVDA,2025-07-27,59.82
NVDA,2025-07-28,61.07
NVDA,2025-07-29,59.9
NVDA,2025-07-30,60.52
NVDA,2025-07-31,60.06
NVDA,2025-08-01,60.3
NVDA,2025-08-02,60.57
NVDA,2025-08-03,60.36
NVDA,2025-08-04,59.65
NVDA,2025-08-05,59.04
NVDA,2025-08-06,58.23
NVDA,2025-08-07,57.51
NVDA,2025-08-08,57.45
NVDA,2025-08-09,56.84
NVDA,2025-08-10,57.42
NVDA,2025-08-11,58.72
NVDA,2025-08-12,58.21
NVDA,2025-08-13,58.42
NVDA,2025-08-14,58.86
NVDA,2025-08-15,59.27
NVDA,2025-08-16,59.34
NVDA,2025-08-17,60.01
NVDA,2025-08-18,60.44
NVDA,2025-08-19,59.33
NVDA,2025-08-20,60.11
NVDA,2025-08-21,60.91
NVDA,2025-08-22,60.22
NVDA,2025-08-23,60.26
NVDA,2025-08-24,60.88
NVDA,2025-08-25,60.69
NVDA,2025-08-26,61.67
NVDA,2025-08-27,63.9
NVDA,2025-08-28,63.15
NVDA,2025-08-29,61.85
NVDA,2025-08-30,62.13
NVDA,2025-08-31,62.81
NVDA,2025-09-01,62.59
NVDA,2025-09-02,63.97
NVDA,2025-09-03,62.7
NVDA,2025-09-04,63.36
NVDA,2025-09-05,62.78
NVDA,2025-09-06,64.42
NVDA,2025-09-07,66.38
NVDA,2025-09-08,65.62
NVDA,2025-09-09,65.08
NVDA,2025-09-10,65.93
NVDA,2025-09-11,65.54
NVDA,2025-09-12,65.5
NVDA,2025-09-13,65.52
NVDA,2025-09-14,63.66
NVDA,2025-09-15,63.65
NVDA,2025-09-16,63.0
NVDA,2025-09-17,62.53
NVDA,2025-09-18,63.9
NVDA,2025-09-19,62.71
NVDA,2025-09-20,63.48
NVDA,2025-09-21,63.21
NVDA,2025-09-22,62.95
NVDA,2025-09-23,63.7
NVDA,2025-09-24,64.02
NVDA,2025-09-25,64.57
NVDA,2025-09-26,65.52
NVDA,2025-09-27,65.19
NVDA,2025-09-28,64.6
NVDA,2025-09-29,63.55
NVDA,2025-09-30,62.77
NVDA,2025-10-01,65.61
NVDA,2025-10-02,66.85
NVDA,2025-10-03,65.51
NVDA,2025-10-04,64.22
NVDA,2025-10-05,64.69
NVDA,2025-10-06,65.22
NVDA,2025-10-07,65.76
NVDA,2025-10-08,65.51
NVDA,2025-10-09,65.38
NVDA,2025-10-10,65.71
NVDA,2025-10-11,65.79
NVDA,2025-10-12,63.64
NVDA,2025-10-13,63.42
NVDA,2025-10-14,62.61
NVDA,2025-10-15,62.78
NVDA,2025-10-16,65.65
NVDA,2025-10-17,66.02
NVDA,2025-10-18,65.71
NVDA,2025-10-19,66.62
NVDA,2025-10-20,67.11
NVDA,2025-10-21,67.53
NVDA,2025-10-22,68.15
NVDA,2025-10-23,70.28
NVDA,2025-10-24,69.1
NVDA,2025-10-25,69.59
NVDA,2025-10-26,68.63
NVDA,2025-10-27,69.21
NVDA,2025-10-28,68.26
NVDA,2025-10-29,67.83
NVDA,2025-10-30,67.53
NVDA,2025-10-31,68.53
NVDA,2025-11-01,69.48
NVDA,2025-11-02,68.19
NVDA,2025-11-03,68.25
NVDA,2025-11-04,67.53
NVDA,2025-11-05,66.27
NVDA,2025-11-06,66.05
NVDA,2025-11-07,65.74
NVDA,2025-11-08,68.18
NVDA,2025-11-09,68.63
NVDA,2025-11-10,67.22
NVDA,2025-11-11,66.66
NVDA,2025-11-12,67.68
NVDA,2025-11-13,69.84
NVDA,2025-11-14,68.2
NVDA,2025-11-15,66.3
NVDA,2025-11-16,68.19
NVDA,2025-11-17,68.59
NVDA,2025-11-18,67.7
NVDA,2025-11-19,68.24
NVDA,2025-11-20,65.6
NVDA,2025-11-21,65.6
NVDA,2025-11-22,65.93
NVDA,2025-11-23,66.85
NVDA,2025-11-24,65.84
NVDA,2025-11-25,65.92
NVDA,2025-11-26,65.01
NVDA,2025-11-27,65.26
NVDA,2025-11-28,64.39
NVDA,2025-11-29,64.0
NVDA,2025-11-30,63.05
NVDA,2025-12-01,63.67
NVDA,2025-12-02,64.49
NVDA,2025-12-03,64.27
NVDA,2025-12-04,64.3
NVDA,2025-12-05,62.92
NVDA,2025-12-06,62.64
NVDA,2025-12-07,62.59
NVDA,2025-12-08,65.1
NVDA,2025-12-09,64.03
NVDA,2025-12-10,65.45
NVDA,2025-12-11,66.43
NVDA,2025-12-12,66.71
NVDA,2025-12-13,68.5
NVDA,2025-12-14,68.88
NVDA,2025-12-15,69.28
NVDA,2025-12-16,69.23
NVDA,2025-12-17,70.51
NVDA,2025-12-18,71.68
NVDA,2025-12-19,71.01
NVDA,2025-12-20,69.62
NVDA,2025-12-21,69.41
NVDA,2025-12-22,68.58
NVDA,2025-12-23,68.51
NVDA,2025-12-24,69.8
NVDA,2025-12-25,69.32
NVDA,2025-12-26,69.28
NVDA,2025-12-27,69.34
NVDA,2025-12-28,70.22
NVDA,2025-12-29,67.9
NVDA,2025-12-30,67.28
NVDA,2025-12-31,67.5
NVDA,2026-01-01,68.72
NVDA,2026-01-02,68.22
NVDA,2026-01-03,66.32
NVDA,2026-01-04,66.94
NVDA,2026-01-05,66.31
NVDA,2026-01-06,65.13
NVDA,2026-01-07,64.53
NVDA,2026-01-08,64.35
NVDA,2026-01-09,63.77
NVDA,2026-01-10,61.69
NVDA,2026-01-11,62.53
NVDA,2026-01-12,63.74
NVDA,2026-01-13,64.36
NVDA,2026-01-14,63.27
NVDA,2026-01-15,63.08
NVDA,2026-01-16,63.08
NVDA,2026-01-17,63.64
NVDA,2026-01-18,64.29
NVDA,2026-01-19,63.58
NVDA,2026-01-20,63.66
NVDA,2026-01-21,64.1
NVDA,2026-01-22,65.51
NVDA,2026-01-23,66.21
NVDA,2026-01-24,67.0
NVDA,2026-01-25,67.08
NVDA,2026-01-26,68.52
NVDA,2026-01-27,68.94
NVDA,2026-01-28,68.05
NVDA,2026-01-29,69.5
NVDA,2026-01-30,70.23
NVDA,2026-01-31,69.77
NVDA,2026-02-01,69.27
NVDA,2026-02-02,69.58
NVDA,2026-02-03,70.06
NVDA,2026-02-04,70.27
NVDA,2026-02-05,70.6
NVDA,2026-02-06,72.42
NVDA,2026-02-07,73.6
NVDA,2026-02-08,73.81
NVDA,2026-02-09,74.86
NVDA,2026-02-10,73.71
NVDA,2026-02-11,74.15
NVDA,2026-02-12,76.19
NVDA,2026-02-13,75.94
NVDA,2026-02-14,74.98
NVDA,2026-02-15,74.25
NVDA,2026-02-16,73.04
NVDA,2026-02-17,72.19
NVDA,2026-02-18,71.79
NVDA,2026-02-19,70.29
NVDA,2026-02-20,70.31
NVDA,2026-02-21,71.27
NVDA,2026-02-22,70.3
NVDA,2026-02-23,71.92
NVDA,2026-02-24,72.48
NVDA,2026-02-25,73.61
NVDA,2026-02-26,72.88
NVDA,2026-02-27,73.82
NVDA,2026-02-28,72.62
NVDA,2026-03-01,73.6
NVDA,2026-03-02,73.79
NVDA,2026-03-03,74.41
NVDA,2026-03-04,73.1
NVDA,2026-03-05,72.13
NVDA,2026-03-06,72.78
NVDA,2026-03-07,71.75
NVDA,2026-03-08,72.25
TSLA,2025-03-09,104.2
TSLA,2025-03-10,105.54
TSLA,2025-03-11,103.6
TSLA,2025-03-12,104.46
TSLA,2025-03-13,105.45
TSLA,2025-03-14,104.35
TSLA,2025-03-15,105.27
TSLA,2025-03-16,105.68
TSLA,2025-03-17,104.83
TSLA,2025-03-18,103.25
TSLA,2025-03-19,100.26
TSLA,2025-03-20,100.79
TSLA,2025-03-21,98.45
TSLA,2025-03-22,98.59
TSLA,2025-03-23,98.2
TSLA,2025-03-24,99.21
TSLA,2025-03-25,98.76
TSLA,2025-03-26,98.27
TSLA,2025-03-27,99.36
TSLA,2025-03-28,99.86
TSLA,2025-03-29,100.33
TSLA,2025-03-30,101.04
TSLA,2025-03-31,98.74
TSLA,2025-04-01,99.87
TSLA,2025-04-02,100.79
TSLA,2025-04-03,99.26
TSLA,2025-04-04,98.9
TSLA,2025-04-05,98.84
TSLA,2025-04-06,98.64
TSLA,2025-04-07,99.14
TSLA,2025-04-08,101.29
TSLA,2025-04-09,102.95
TSLA,2025-04-10,100.94
TSLA,2025-04-11,101.89
TSLA,2025-04-12,103.94
TSLA,2025-04-13,104.54
TSLA,2025-04-14,106.27
TSLA,2025-04-15,109.52
TSLA,2025-04-16,111.22
TSLA,2025-04-17,111.63
TSLA,2025-04-18,113.4
TSLA,2025-04-19,113.65
TSLA,2025-04-20,113.69
TSLA,2025-04-21,113.09
TSLA,2025-04-22,115.77
TSLA,2025-04-23,114.36
TSLA,2025-04-24,117.02
TSLA,2025-04-25,117.9
TSLA,2025-04-26,115.45
TSLA,2025-04-27,116.09
TSLA,2025-04-28,112.49
TSLA,2025-04-29,113.55
TSLA,2025-04-30,115.07
TSLA,2025-05-01,114.05
TSLA,2025-05-02,114.26
TSLA,2025-05-03,117.66
TSLA,2025-05-04,116.77
TSLA,2025-05-05,114.93
TSLA,2025-05-06,117.51
TSLA,2025-05-07,121.02
TSLA,2025-05-08,121.03
TSLA,2025-05-09,122.88
TSLA,2025-05-10,125.38
TSLA,2025-05-11,123.99
TSLA,2025-05-12,123.09
TSLA,2025-05-13,125.38
TSLA,2025-05-14,128.59
TSLA,2025-05-15,129.68
TSLA,2025-05-16,127.98
TSLA,2025-05-17,131.86
TSLA,2025-05-18,130.81
TSLA,2025-05-19,130.15
TSLA,2025-05-20,130.82
TSLA,2025-05-21,133.91
TSLA,2025-05-22,135.64
TSLA,2025-05-23,136.48
TSLA,2025-05-24,137.43
TSLA,2025-05-25,137.52
TSLA,2025-05-26,138.68
TSLA,2025-05-27,133.52
TSLA,2025-05-28,132.92
TSLA,2025-05-29,133.41
TSLA,2025-05-30,131.12
TSLA,2025-05-31,131.88
TSLA,2025-06-01,131.48
TSLA,2025-06-02,134.99
TSLA,2025-06-03,138.21
TSLA,2025-06-04,137.25
TSLA,2025-06-05,136.94
TSLA,2025-06-06,136.79
TSLA,2025-06-07,135.86
TSLA,2025-06-08,136.26
TSLA,2025-06-09,134.72
TSLA,2025-06-10,132.46
TSLA,2025-06-11,133.7
TSLA,2025-06-12,134.97
TSLA,2025-06-13,133.35
TSLA,2025-06-14,135.15
TSLA,2025-06-15,133.88
TSLA,2025-06-16,134.39
TSLA,2025-06-17,136.05
TSLA,2025-06-18,135.98
TSLA,2025-06-19,136.91
TSLA,2025-06-20,135.86
TSLA,2025-06-21,135.46
TSLA,2025-06-22,135.04
TSLA,2025-06-23,133.53
TSLA,2025-06-24,133.18
TSLA,2025-06-25,130.12
TSLA,2025-06-26,129.17
TSLA,2025-06-27,128.62
TSLA,2025-06-28,128.12
TSLA,2025-06-29,127.66
TSLA,2025-06-30,127.54
TSLA,2025-07-01,128.46
TSLA,2025-07-02,130.16
TSLA,2025-07-03,128.9
TSLA,2025-07-04,126.59
TSLA,2025-07-05,124.63
TSLA,2025-07-06,123.72
TSLA,2025-07-07,123.07
TSLA,2025-07-08,121.66
TSLA,2025-07-09,119.31
TSLA,2025-07-10,118.5
TSLA,2025-07-11,118.82
TSLA,2025-07-12,119.89
TSLA,2025-07-13,118.89
TSLA,2025-07-14,118.16
TSLA,2025-07-15,116.52
TSLA,2025-07-16,116.47
TSLA,2025-07-17,115.0
TSLA,2025-07-18,115.99
TSLA,2025-07-19,112.92
TSLA,2025-07-20,112.32
TSLA,2025-07-21,112.82
TSLA,2025-07-22,113.14
TSLA,2025-07-23,117.8
TSLA,2025-07-24,118.42
TSLA,2025-07-25,116.65
TSLA,2025-07-26,116.48
TSLA,2025-07-27,113.42
TSLA,2025-07-28,113.28
TSLA,2025-07-29,111.88
TSLA,2025-07-30,113.42
TSLA,2025-07-31,112.49
TSLA,2025-08-01,112.3
TSLA,2025-08-02,111.23
TSLA,2025-08-03,114.17
TSLA,2025-08-04,113.62
TSLA,2025-08-05,116.79
TSLA,2025-08-06,118.22
TSLA,2025-08-07,119.08
TSLA,2025-08-08,119.74
TSLA,2025-08-09,120.45
TSLA,2025-08-10,117.02
TSLA,2025-08-11,116.53
TSLA,2025-08-12,118.02
TSLA,2025-08-13,117.93
TSLA,2025-08-14,115.47
TSLA,2025-08-15,115.38
TSLA,2025-08-16,118.37
TSLA,2025-08-17,120.6
TSLA,2025-08-18,120.49
TSLA,2025-08-19,122.22
TSLA,2025-08-20,121.55
TSLA,2025-08-21,118.48
TSLA,2025-08-22,116.85
TSLA,2025-08-23,119.62
TSLA,2025-08-24,119.13
TSLA,2025-08-25,118.7
TSLA,2025-08-26,118.17
TSLA,2025-08-27,121.59
TSLA,2025-08-28,124.59
TSLA,2025-08-29,128.81
TSLA,2025-08-30,128.5
TSLA,2025-08-31,129.07
TSLA,2025-09-01,126.17
TSLA,2025-09-02,128.99
TSLA,2025-09-03,126.75
TSLA,2025-09-04,127.17
TSLA,2025-09-05,125.09
TSLA,2025-09-06,123.99
TSLA,2025-09-07,122.44
TSLA,2025-09-08,121.33
TSLA,2025-09-09,120.36
TSLA,2025-09-10,119.37
TSLA,2025-09-11,120.87
TSLA,2025-09-12,118.88
TSLA,2025-09-13,119.28
TSLA,2025-09-14,121.48
TSLA,2025-09-15,120.55
TSLA,2025-09-16,119.25
TSLA,2025-09-17,118.84
TSLA,2025-09-18,120.96
TSLA,2025-09-19,121.32
TSLA,2025-09-20,120.35
TSLA,2025-09-21,121.23
TSLA,2025-09-22,119.24
TSLA,2025-09-23,120.47
TSLA,2025-09-24,121.21
TSLA,2025-09-25,120.65
TSLA,2025-09-26,119.14
TSLA,2025-09-27,117.57
TSLA,2025-09-28,118.52
TSLA,2025-09-29,120.72
TSLA,2025-09-30,119.57
TSLA,2025-10-01,120.4
TSLA,2025-10-02,116.69
TSLA,2025-10-03,115.67
TSLA,2025-10-04,115.61
TSLA,2025-10-05,114.05
TSLA,2025-10-06,112.46
TSLA,2025-10-07,111.33
TSLA,2025-10-08,111.82
TSLA,2025-10-09,111.51
TSLA,2025-10-10,107.83
TSLA,2025-10-11,104.45
TSLA,2025-10-12,103.51
TSLA,2025-10-13,104.22
TSLA,2025-10-14,100.01
TSLA,2025-10-15,99.26
TSLA,2025-10-16,98.48
TSLA,2025-10-17,100.56
TSLA,2025-10-18,99.98
TSLA,2025-10-19,100.55
TSLA,2025-10-20,100.77
TSLA,2025-10-21,97.6
TSLA,2025-10-22,98.73
TSLA,2025-10-23,99.05
TSLA,2025-10-24,99.81
TSLA,2025-10-25,105.86
TSLA,2025-10-26,102.6
TSLA,2025-10-27,105.29
TSLA,2025-10-28,104.84
TSLA,2025-10-29,105.29
TSLA,2025-10-30,105.22
TSLA,2025-10-31,104.55
TSLA,2025-11-01,103.66
TSLA,2025-11-02,104.18
TSLA,2025-11-03,101.83
TSLA,2025-11-04,102.98
TSLA,2025-11-05,102.34
TSLA,2025-11-06,100.62
TSLA,2025-11-07,99.95
TSLA,2025-11-08,101.85
TSLA,2025-11-09,101.03
TSLA,2025-11-10,101.58
TSLA,2025-11-11,100.47
TSLA,2025-11-12,101.62
TSLA,2025-11-13,102.67
TSLA,2025-11-14,105.56
TSLA,2025-11-15,105.28
TSLA,2025-11-16,106.34
TSLA,2025-11-17,106.5
TSLA,2025-11-18,108.59
TSLA,2025-11-19,107.42
TSLA,2025-11-20,108.63
TSLA,2025-11-21,108.31
TSLA,2025-11-22,108.21
TSLA,2025-11-23,108.36
TSLA,2025-11-24,108.77
TSLA,2025-11-25,108.58
TSLA,2025-11-26,108.93
TSLA,2025-11-27,111.54
TSLA,2025-11-28,113.2
TSLA,2025-11-29,114.69
TSLA,2025-11-30,113.9
TSLA,2025-12-01,112.4
TSLA,2025-12-02,114.02
TSLA,2025-12-03,115.53
TSLA,2025-12-04,118.11
TSLA,2025-12-05,117.04
TSLA,2025-12-06,116.64
TSLA,2025-12-07,113.81
TSLA,2025-12-08,113.14
TSLA,2025-12-09,114.84
TSLA,2025-12-10,114.04
TSLA,2025-12-11,115.14
TSLA,2025-12-12,114.81
TSLA,2025-12-13,115.37
TSLA,2025-12-14,113.4
TSLA,2025-12-15,113.55
TSLA,2025-12-16,108.57
TSLA,2025-12-17,108.26
TSLA,2025-12-18,105.65
TSLA,2025-12-19,107.57
TSLA,2025-12-20,108.84
TSLA,2025-12-21,109.6
TSLA,2025-12-22,112.13
TSLA,2025-12-23,110.55
TSLA,2025-12-24,113.48
TSLA,2025-12-25,115.08
TSLA,2025-12-26,114.67
TSLA,2025-12-27,116.64
TSLA,2025-12-28,114.72
TSLA,2025-12-29,113.31
TSLA,2025-12-30,112.28
TSLA,2025-12-31,111.4
TSLA,2026-01-01,109.64
TSLA,2026-01-02,111.67
TSLA,2026-01-03,111.24
TSLA,2026-01-04,111.83
TSLA,2026-01-05,110.88
TSLA,2026-01-06,107.89
TSLA,2026-01-07,108.33
TSLA,2026-01-08,105.27
TSLA,2026-01-09,105.16
TSLA,2026-01-10,103.02
TSLA,2026-01-11,106.14
TSLA,2026-01-12,107.6
TSLA,2026-01-13,107.77
TSLA,2026-01-14,109.83
TSLA,2026-01-15,108.45
TSLA,2026-01-16,109.33
TSLA,2026-01-17,109.66
TSLA,2026-01-18,110.1
TSLA,2026-01-19,112.22
TSLA,2026-01-20,113.46
TSLA,2026-01-21,113.95
TSLA,2026-01-22,111.16
TSLA,2026-01-23,109.57
TSLA,2026-01-24,109.37
TSLA,2026-01-25,109.52
TSLA,2026-01-26,107.68
TSLA,2026-01-27,111.65
TSLA,2026-01-28,114.21
TSLA,2026-01-29,115.25
TSLA,2026-01-30,115.38
TSLA,2026-01-31,115.01
TSLA,2026-02-01,113.38
TSLA,2026-02-02,113.51
TSLA,2026-02-03,113.95
TSLA,2026-02-04,111.85
TSLA,2026-02-05,112.41
TSLA,2026-02-06,112.15
TSLA,2026-02-07,108.98
TSLA,2026-02-08,107.59
TSLA,2026-02-09,106.92
TSLA,2026-02-10,109.99
TSLA,2026-02-11,110.91
TSLA,2026-02-12,108.71
TSLA,2026-02-13,109.51
TSLA,2026-02-14,107.0
TSLA,2026-02-15,108.75
TSLA,2026-02-16,107.98
TSLA,2026-02-17,107.83
TSLA,2026-02-18,110.0
TSLA,2026-02-19,107.89
TSLA,2026-02-20,105.66
TSLA,2026-02-21,104.74
TSLA,2026-02-22,106.38
TSLA,2026-02-23,103.98
TSLA,2026-02-24,99.66
TSLA,2026-02-25,98.99
TSLA,2026-02-26,99.81
TSLA,2026-02-27,101.62
TSLA,2026-02-28,100.92
TSLA,2026-03-01,100.3
TSLA,2026-03-02,102.05
TSLA,2026-03-03,99.23
TSLA,2026-03-04,98.65
TSLA,2026-03-05,98.93
TSLA,2026-03-06,99.6
TSLA,2026-03-07,98.84
TSLA,2026-03-08,98.89
META,2025-03-09,284.04
META,2025-03-10,281.25
META,2025-03-11,283.17
META,2025-03-12,279.03
META,2025-03-13,279.27
META,2025-03-14,281.15
META,2025-03-15,279.71
META,2025-03-16,280.43
META,2025-03-17,276.41
META,2025-03-18,275.55
META,2025-03-19,278.08
META,2025-03-20,278.74
META,2025-03-21,276.3
META,2025-03-22,277.23
META,2025-03-23,280.22
META,2025-03-24,271.73
META,2025-03-25,276.5
META,2025-03-26,275.11
META,2025-03-27,276.87
META,2025-03-28,281.88
META,2025-03-29,276.14
META,2025-03-30,273.22
META,2025-03-31,272.04
META,2025-04-01,268.86
META,2025-04-02,275.95
META,2025-04-03,272.43
META,2025-04-04,270.17
META,2025-04-05,270.99
META,2025-04-06,266.15
META,2025-04-07,264.58
META,2025-04-08,265.84
META,2025-04-09,264.52
META,2025-04-10,264.15
META,2025-04-11,262.06
META,2025-04-12,256.17
META,2025-04-13,257.41
META,2025-04-14,264.28
META,2025-04-15,264.35
META,2025-04-16,265.24
META,2025-04-17,268.01
META,2025-04-18,262.96
META,2025-04-19,269.76
META,2025-04-20,270.58
META,2025-04-21,277.29
META,2025-04-22,274.25
META,2025-04-23,281.84
META,2025-04-24,285.13
META,2025-04-25,287.51
META,2025-04-26,288.52
META,2025-04-27,287.44
META,2025-04-28,292.67
META,2025-04-29,293.28
META,2025-04-30,284.76
META,2025-05-01,280.02
META,2025-05-02,279.25
META,2025-05-03,280.55
META,2025-05-04,280.31
META,2025-05-05,285.48
META,2025-05-06,277.25
META,2025-05-07,277.84
META,2025-05-08,270.37
META,2025-05-09,273.47
META,2025-05-10,273.08
META,2025-05-11,274.81
META,2025-05-12,271.27
META,2025-05-13,276.52
META,2025-05-14,280.88
META,2025-05-15,283.35
META,2025-05-16,282.8
META,2025-05-17,285.27
META,2025-05-18,282.26
META,2025-05-19,285.91
META,2025-05-20,293.07
META,2025-05-21,297.81
META,2025-05-22,294.57
META,2025-05-23,296.17
META,2025-05-24,290.48
META,2025-05-25,292.99
META,2025-05-26,294.97
META,2025-05-27,286.82
META,2025-05-28,281.86
META,2025-05-29,280.67
META,2025-05-30,279.4
META,2025-05-31,274.38
META,2025-06-01,275.99
META,2025-06-02,277.03
META,2025-06-03,276.22
META,2025-06-04,273.11
META,2025-06-05,277.44
META,2025-06-06,284.41
META,2025-06-07,282.36
META,2025-06-08,279.78
META,2025-06-09,281.85
META,2025-06-10,280.34
META,2025-06-11,279.75
META,2025-06-12,282.87
META,2025-06-13,274.89
META,2025-06-14,280.38
META,2025-06-15,280.68
META,2025-06-16,278.95
META,2025-06-17,278.58
META,2025-06-18,278.42
META,2025-06-19,271.29
META,2025-06-20,277.44
META,2025-06-21,277.61
META,2025-06-22,279.46
META,2025-06-23,283.48
META,2025-06-24,279.17
META,2025-06-25,281.16
META,2025-06-26,280.03
META,2025-06-27,283.61
META,2025-06-28,274.71
META,2025-06-29,274.3
META,2025-06-30,271.83
META,2025-07-01,273.6
META,2025-07-02,275.53
META,2025-07-03,272.62
META,2025-07-04,269.73
META,2025-07-05,269.28
META,2025-07-06,265.68
META,2025-07-07,269.06
META,2025-07-08,267.57
META,2025-07-09,256.16
META,2025-07-10,254.72
META,2025-07-11,250.78
META,2025-07-12,244.72
META,2025-07-13,240.22
META,2025-07-14,240.62
META,2025-07-15,245.46
META,2025-07-16,246.61
META,2025-07-17,244.38
META,2025-07-18,246.06
META,2025-07-19,244.37
META,2025-07-20,241.84
META,2025-07-21,237.69
META,2025-07-22,231.52
META,2025-07-23,230.17
META,2025-07-24,230.72
META,2025-07-25,230.38
META,2025-07-26,228.95
META,2025-07-27,225.73
META,2025-07-28,227.79
META,2025-07-29,223.34
META,2025-07-30,225.95
META,2025-07-31,222.58
META,2025-08-01,220.08
META,2025-08-02,215.29
META,2025-08-03,213.68
META,2025-08-04,216.83
META,2025-08-05,218.51
META,2025-08-06,221.74
META,2025-08-07,223.49
META,2025-08-08,219.82
META,2025-08-09,218.73
META,2025-08-10,216.19
META,2025-08-11,220.54
META,2025-08-12,216.62
META,2025-08-13,219.54
META,2025-08-14,222.5
META,2025-08-15,228.69
META,2025-08-16,227.29
META,2025-08-17,229.73
META,2025-08-18,237.73
META,2025-08-19,235.54
META,2025-08-20,230.18
META,2025-08-21,223.78
META,2025-08-22,226.18
META,2025-08-23,219.88
META,2025-08-24,218.66
META,2025-08-25,220.1
META,2025-08-26,220.71
META,2025-08-27,222.12
META,2025-08-28,222.87
META,2025-08-29,227.18
META,2025-08-30,223.96
META,2025-08-31,221.7
META,2025-09-01,219.14
META,2025-09-02,221.89
META,2025-09-03,224.91
META,2025-09-04,226.43
META,2025-09-05,230.49
META,2025-09-06,226.45
META,2025-09-07,232.19
META,2025-09-08,237.55
META,2025-09-09,240.19
META,2025-09-10,246.69
META,2025-09-11,240.64
META,2025-09-12,238.75
META,2025-09-13,236.14
META,2025-09-14,238.71
META,2025-09-15,234.97
META,2025-09-16,237.66
META,2025-09-17,242.6
META,2025-09-18,245.14
META,2025-09-19,246.18
META,2025-09-20,242.56
META,2025-09-21,239.5
META,2025-09-22,244.03
META,2025-09-23,246.9
META,2025-09-24,246.76
META,2025-09-25,245.22
META,2025-09-26,237.88
META,2025-09-27,234.09
META,2025-09-28,240.9
META,2025-09-29,236.31
META,2025-09-30,236.99
META,2025-10-01,240.59
META,2025-10-02,236.11
META,2025-10-03,236.76
META,2025-10-04,240.12
META,2025-10-05,240.16
META,2025-10-06,250.72
META,2025-10-07,244.52
META,2025-10-08,248.44
META,2025-10-09,247.79
META,2025-10-10,250.68
META,2025-10-11,252.35
META,2025-10-12,249.59
META,2025-10-13,250.44
META,2025-10-14,243.56
META,2025-10-15,245.77
META,2025-10-16,246.88
META,2025-10-17,249.25
META,2025-10-18,253.24
META,2025-10-19,254.64
META,2025-10-20,255.21
META,2025-10-21,251.86
META,2025-10-22,249.18
META,2025-10-23,253.66
META,2025-10-24,259.18
META,2025-10-25,258.26
META,2025-10-26,258.43
META,2025-10-27,254.95
META,2025-10-28,259.48
META,2025-10-29,262.08
META,2025-10-30,269.82
META,2025-10-31,266.29
META,2025-11-01,264.78
META,2025-11-02,265.71
META,2025-11-03,268.29
META,2025-11-04,267.43
META,2025-11-05,263.95
META,2025-11-06,267.46
META,2025-11-07,270.37
META,2025-11-08,266.68
META,2025-11-09,272.16
META,2025-11-10,276.98
META,2025-11-11,277.54
META,2025-11-12,277.87
META,2025-11-13,280.19
META,2025-11-14,276.59
META,2025-11-15,276.71
META,2025-11-16,267.92
META,2025-11-17,271.47
META,2025-11-18,265.18
META,2025-11-19,271.23
META,2025-11-20,269.89
META,2025-11-21,269.04
META,2025-11-22,266.51
META,2025-11-23,265.36
META,2025-11-24,271.07
META,2025-11-25,261.14
META,2025-11-26,266.19
META,2025-11-27,267.55
META,2025-11-28,262.75
META,2025-11-29,258.54
META,2025-11-30,265.13
META,2025-12-01,261.39
META,2025-12-02,256.91
META,2025-12-03,261.33
META,2025-12-04,262.66
META,2025-12-05,258.99
META,2025-12-06,259.83
META,2025-12-07,255.87
META,2025-12-08,260.13
META,2025-12-09,264.3
META,2025-12-10,266.42
META,2025-12-11,267.87
META,2025-12-12,275.04
META,2025-12-13,275.04
META,2025-12-14,270.2
META,2025-12-15,272.03
META,2025-12-16,280.68
META,2025-12-17,276.44
META,2025-12-18,274.94
META,2025-12-19,276.67
META,2025-12-20,276.44
META,2025-12-21,272.4
META,2025-12-22,277.02
META,2025-12-23,286.83
META,2025-12-24,287.68
META,2025-12-25,283.8
META,2025-12-26,277.28
META,2025-12-27,278.36
META,2025-12-28,283.01
META,2025-12-29,285.03
META,2025-12-30,285.02
META,2025-12-31,282.51
META,2026-01-01,277.92
META,2026-01-02,281.42
META,2026-01-03,285.31
META,2026-01-04,278.77
META,2026-01-05,285.5
META,2026-01-06,287.97
META,2026-01-07,294.07
META,2026-01-08,288.21
META,2026-01-09,282.37
META,2026-01-10,281.74
META,2026-01-11,283.87
META,2026-01-12,291.62
META,2026-01-13,294.73
META,2026-01-14,293.66
META,2026-01-15,289.17
META,2026-01-16,294.56
META,2026-01-17,290.33
META,2026-01-18,297.5
META,2026-01-19,296.24
META,2026-01-20,303.39
META,2026-01-21,306.5
META,2026-01-22,305.87
META,2026-01-23,303.49
META,2026-01-24,301.95
META,2026-01-25,303.89
META,2026-01-26,304.24
META,2026-01-27,301.55
META,2026-01-28,300.8
META,2026-01-29,301.15
META,2026-01-30,291.69
META,2026-01-31,293.7
META,2026-02-01,289.42
META,2026-02-02,284.45
META,2026-02-03,277.34
META,2026-02-04,269.98
META,2026-02-05,264.55
META,2026-02-06,261.75
META,2026-02-07,269.53
META,2026-02-08,267.41
META,2026-02-09,268.13
META,2026-02-10,269.74
META,2026-02-11,270.27
META,2026-02-12,269.96
META,2026-02-13,265.16
META,2026-02-14,270.99
META,2026-02-15,278.44
META,2026-02-16,271.5
META,2026-02-17,267.36
META,2026-02-18,266.24
META,2026-02-19,262.42
META,2026-02-20,264.42
META,2026-02-21,261.55
META,2026-02-22,270.18
META,2026-02-23,275.05
META,2026-02-24,275.93
META,2026-02-25,280.21
META,2026-02-26,284.9
META,2026-02-27,282.5
META,2026-02-28,279.06
META,2026-03-01,279.39
META,2026-03-02,283.02
META,2026-03-03,283.61
META,2026-03-04,276.98
META,2026-03-05,273.67
META,2026-03-06,273.36
META,2026-03-07,273.05
META,2026-03-08,281.25
JPM,2025-03-09,245.67
JPM,2025-03-10,247.54
JPM,2025-03-11,253.13
JPM,2025-03-12,261.9
JPM,2025-03-13,260.32
JPM,2025-03-14,262.25
JPM,2025-03-15,264.5
JPM,2025-03-16,265.27
JPM,2025-03-17,264.88
JPM,2025-03-18,266.62
JPM,2025-03-19,256.68
JPM,2025-03-20,259.32
JPM,2025-03-21,259.81
JPM,2025-03-22,258.95
JPM,2025-03-23,267.02
JPM,2025-03-24,264.33
JPM,2025-03-25,262.74
JPM,2025-03-26,270.7
JPM,2025-03-27,267.35
JPM,2025-03-28,265.15
JPM,2025-03-29,264.57
JPM,2025-03-30,267.92
JPM,2025-03-31,268.76
JPM,2025-04-01,263.6
JPM,2025-04-02,261.5
JPM,2025-04-03,259.13
JPM,2025-04-04,258.83
JPM,2025-04-05,260.49
JPM,2025-04-06,262.13
JPM,2025-04-07,255.24
JPM,2025-04-08,259.34
JPM,2025-04-09,260.33
JPM,2025-04-10,265.79
JPM,2025-04-11,267.57
JPM,2025-04-12,272.03
JPM,2025-04-13,273.94
JPM,2025-04-14,279.52
JPM,2025-04-15,281.72
JPM,2025-04-16,281.31
JPM,2025-04-17,291.06
JPM,2025-04-18,294.97
JPM,2025-04-19,297.52
JPM,2025-04-20,291.88
JPM,2025-04-21,286.29
JPM,2025-04-22,287.55
JPM,2025-04-23,288.18
JPM,2025-04-24,285.54
JPM,2025-04-25,286.14
JPM,2025-04-26,293.04
JPM,2025-04-27,296.12
JPM,2025-04-28,291.09
JPM,2025-04-29,290.6
JPM,2025-04-30,287.12
JPM,2025-05-01,285.45
JPM,2025-05-02,283.69
JPM,2025-05-03,281.66
JPM,2025-05-04,276.41
JPM,2025-05-05,275.88
JPM,2025-05-06,273.57
JPM,2025-05-07,261.81
JPM,2025-05-08,270.0
JPM,2025-05-09,274.44
JPM,2025-05-10,272.9
JPM,2025-05-11,272.97
JPM,2025-05-12,268.22
JPM,2025-05-13,275.13
JPM,2025-05-14,283.07
JPM,2025-05-15,283.74
JPM,2025-05-16,288.13
JPM,2025-05-17,288.88
JPM,2025-05-18,283.15
JPM,2025-05-19,281.41
JPM,2025-05-20,281.96
JPM,2025-05-21,280.05
JPM,2025-05-22,279.13
JPM,2025-05-23,278.75
JPM,2025-05-24,278.41
JPM,2025-05-25,278.63
JPM,2025-05-26,274.23
JPM,2025-05-27,271.3
JPM,2025-05-28,266.12
JPM,2025-05-29,270.05
JPM,2025-05-30,261.66
JPM,2025-05-31,266.22
JPM,2025-06-01,271.82
JPM,2025-06-02,270.59
JPM,2025-06-03,260.23
JPM,2025-06-04,258.82
JPM,2025-06-05,258.57
JPM,2025-06-06,254.68
JPM,2025-06-07,252.72
JPM,2025-06-08,258.59
JPM,2025-06-09,261.18
JPM,2025-06-10,257.58
JPM,2025-06-11,251.48
JPM,2025-06-12,250.25
JPM,2025-06-13,249.45
JPM,2025-06-14,251.32
JPM,2025-06-15,249.31
JPM,2025-06-16,251.23
JPM,2025-06-17,258.62
JPM,2025-06-18,261.81
JPM,2025-06-19,261.62
JPM,2025-06-20,260.9
JPM,2025-06-21,259.51
JPM,2025-06-22,264.15
JPM,2025-06-23,261.67
JPM,2025-06-24,261.85
JPM,2025-06-25,262.05
JPM,2025-06-26,260.09
JPM,2025-06-27,254.79
JPM,2025-06-28,256.02
JPM,2025-06-29,255.79
JPM,2025-06-30,257.72
JPM,2025-07-01,255.66
JPM,2025-07-02,260.39
JPM,2025-07-03,256.98
JPM,2025-07-04,263.67
JPM,2025-07-05,256.85
JPM,2025-07-06,258.53
JPM,2025-07-07,260.38
JPM,2025-07-08,257.29
JPM,2025-07-09,258.93
JPM,2025-07-10,263.95
JPM,2025-07-11,255.32
JPM,2025-07-12,257.25
JPM,2025-07-13,247.81
JPM,2025-07-14,244.24
JPM,2025-07-15,250.29
JPM,2025-07-16,248.11
JPM,2025-07-17,243.78
JPM,2025-07-18,243.06
JPM,2025-07-19,250.71
JPM,2025-07-20,243.92
JPM,2025-07-21,240.1
JPM,2025-07-22,245.56
JPM,2025-07-23,252.5
JPM,2025-07-24,252.11
JPM,2025-07-25,247.46
JPM,2025-07-26,255.37
JPM,2025-07-27,261.55
JPM,2025-07-28,264.22
JPM,2025-07-29,261.02
JPM,2025-07-30,260.83
JPM,2025-07-31,260.21
JPM,2025-08-01,261.5
JPM,2025-08-02,267.25
JPM,2025-08-03,270.8
JPM,2025-08-04,266.46
JPM,2025-08-05,272.02
JPM,2025-08-06,273.3
JPM,2025-08-07,276.13
JPM,2025-08-08,282.27
JPM,2025-08-09,277.61
JPM,2025-08-10,277.46
JPM,2025-08-11,275.25
JPM,2025-08-12,268.86
JPM,2025-08-13,270.26
JPM,2025-08-14,280.63
JPM,2025-08-15,272.99
JPM,2025-08-16,272.86
JPM,2025-08-17,275.5
JPM,2025-08-18,276.01
JPM,2025-08-19,275.54
JPM,2025-08-20,270.22
JPM,2025-08-21,271.17
JPM,2025-08-22,268.1
JPM,2025-08-23,259.44
JPM,2025-08-24,264.13
JPM,2025-08-25,267.96
JPM,2025-08-26,268.16
JPM,2025-08-27,269.09
JPM,2025-08-28,273.46
JPM,2025-08-29,274.38
JPM,2025-08-30,278.13
JPM,2025-08-31,276.89
JPM,2025-09-01,282.39
JPM,2025-09-02,283.75
JPM,2025-09-03,284.58
JPM,2025-09-04,279.21
JPM,2025-09-05,280.41
JPM,2025-09-06,276.94
JPM,2025-09-07,274.3
JPM,2025-09-08,270.96
JPM,2025-09-09,266.66
JPM,2025-09-10,275.3
JPM,2025-09-11,280.85
JPM,2025-09-12,289.06
JPM,2025-09-13,283.81
JPM,2025-09-14,284.11
JPM,2025-09-15,278.65
JPM,2025-09-16,275.76
JPM,2025-09-17,271.99
JPM,2025-09-18,277.09
JPM,2025-09-19,275.45
JPM,2025-09-20,279.9
JPM,2025-09-21,282.45
JPM,2025-09-22,292.38
JPM,2025-09-23,285.96
JPM,2025-09-24,291.41
JPM,2025-09-25,296.47
JPM,2025-09-26,292.17
JPM,2025-09-27,296.62
JPM,2025-09-28,298.12
JPM,2025-09-29,297.1
JPM,2025-09-30,293.45
JPM,2025-10-01,290.3
JPM,2025-10-02,299.37
JPM,2025-10-03,299.37
JPM,2025-10-04,302.9
JPM,2025-10-05,299.33
JPM,2025-10-06,295.85
JPM,2025-10-07,300.69
JPM,2025-10-08,294.67
JPM,2025-10-09,292.84
JPM,2025-10-10,292.99
JPM,2025-10-11,293.48
JPM,2025-10-12,292.69
JPM,2025-10-13,294.43
JPM,2025-10-14,297.51
JPM,2025-10-15,300.8
JPM,2025-10-16,296.39
JPM,2025-10-17,295.13
JPM,2025-10-18,300.46
JPM,2025-10-19,304.52
JPM,2025-10-20,298.32
JPM,2025-10-21,299.89
JPM,2025-10-22,291.13
JPM,2025-10-23,291.33
JPM,2025-10-24,299.74
JPM,2025-10-25,295.51
JPM,2025-10-26,291.84
JPM,2025-10-27,295.2
JPM,2025-10-28,288.45
JPM,2025-10-29,285.72
JPM,2025-10-30,288.29
JPM,2025-10-31,285.56
JPM,2025-11-01,284.55
JPM,2025-11-02,287.75
JPM,2025-11-03,289.57
JPM,2025-11-04,290.73
JPM,2025-11-05,289.26
JPM,2025-11-06,290.87
JPM,2025-11-07,290.33
JPM,2025-11-08,292.33
JPM,2025-11-09,290.16
JPM,2025-11-10,289.36
JPM,2025-11-11,285.1
JPM,2025-11-12,284.95
JPM,2025-11-13,281.5
JPM,2025-11-14,276.84
JPM,2025-11-15,277.91
JPM,2025-11-16,278.8
JPM,2025-11-17,282.1
JPM,2025-11-18,280.28
JPM,2025-11-19,282.0
JPM,2025-11-20,284.34
JPM,2025-11-21,286.24
JPM,2025-11-22,282.72
JPM,2025-11-23,283.35
JPM,2025-11-24,284.9
JPM,2025-11-25,284.94
JPM,2025-11-26,276.16
JPM,2025-11-27,276.82
JPM,2025-11-28,286.16
JPM,2025-11-29,284.62
JPM,2025-11-30,281.53
JPM,2025-12-01,283.11
JPM,2025-12-02,284.44
JPM,2025-12-03,289.58
JPM,2025-12-04,284.16
JPM,2025-12-05,287.3
JPM,2025-12-06,289.85
JPM,2025-12-07,289.24
JPM,2025-12-08,290.71
JPM,2025-12-09,295.23
JPM,2025-12-10,299.12
JPM,2025-12-11,294.04
JPM,2025-12-12,297.68
JPM,2025-12-13,297.39
JPM,2025-12-14,297.71
JPM,2025-12-15,298.04
JPM,2025-12-16,297.37
JPM,2025-12-17,302.73
JPM,2025-12-18,302.35
JPM,2025-12-19,297.32
JPM,2025-12-20,295.57
JPM,2025-12-21,296.36
JPM,2025-12-22,301.88
JPM,2025-12-23,304.62
JPM,2025-12-24,300.76
JPM,2025-12-25,312.18
JPM,2025-12-26,313.42
JPM,2025-12-27,319.48
JPM,2025-12-28,318.75
JPM,2025-12-29,321.31
JPM,2025-12-30,325.38
JPM,2025-12-31,331.38
JPM,2026-01-01,336.68
JPM,2026-01-02,341.11
JPM,2026-01-03,339.51
JPM,2026-01-04,336.61
JPM,2026-01-05,338.29
JPM,2026-01-06,343.06
JPM,2026-01-07,341.91
JPM,2026-01-08,347.42
JPM,2026-01-09,355.07
JPM,2026-01-10,350.23
JPM,2026-01-11,345.86
JPM,2026-01-12,345.13
JPM,2026-01-13,346.73
JPM,2026-01-14,344.01
JPM,2026-01-15,351.06
JPM,2026-01-16,353.3
JPM,2026-01-17,353.51
JPM,2026-01-18,345.97
JPM,2026-01-19,339.21
JPM,2026-01-20,340.65
JPM,2026-01-21,329.92
JPM,2026-01-22,334.97
JPM,2026-01-23,334.18
JPM,2026-01-24,350.84
JPM,2026-01-25,363.19
JPM,2026-01-26,362.21
JPM,2026-01-27,361.63
JPM,2026-01-28,367.07
JPM,2026-01-29,376.57
JPM,2026-01-30,367.43
JPM,2026-01-31,357.71
JPM,2026-02-01,354.39
JPM,2026-02-02,357.5
JPM,2026-02-03,360.18
JPM,2026-02-04,366.0
JPM,2026-02-05,359.48
JPM,2026-02-06,347.2
JPM,2026-02-07,351.7
JPM,2026-02-08,347.36
JPM,2026-02-09,337.0
JPM,2026-02-10,337.73
JPM,2026-02-11,341.77
JPM,2026-02-12,341.15
JPM,2026-02-13,338.81
JPM,2026-02-14,338.01
JPM,2026-02-15,336.13
JPM,2026-02-16,329.4
JPM,2026-02-17,325.89
JPM,2026-02-18,328.45
JPM,2026-02-19,330.04
JPM,2026-02-20,330.87
JPM,2026-02-21,325.97
JPM,2026-02-22,325.08
JPM,2026-02-23,314.64
JPM,2026-02-24,315.48
JPM,2026-02-25,322.32
JPM,2026-02-26,315.27
JPM,2026-02-27,312.51
JPM,2026-02-28,314.05
JPM,2026-03-01,320.01
JPM,2026-03-02,317.87
JPM,2026-03-03,314.58
JPM,2026-03-04,305.43
JPM,2026-03-05,305.9
JPM,2026-03-06,315.42
JPM,2026-03-07,316.73
JPM,2026-03-08,316.63
V,2025-03-09,469.25
V,2025-03-10,469.17
V,2025-03-11,463.49
V,2025-03-12,469.25
V,2025-03-13,470.84
V,2025-03-14,470.96
V,2025-03-15,464.12
V,2025-03-16,473.29
V,2025-03-17,478.03
V,2025-03-18,474.08
V,2025-03-19,481.26
V,2025-03-20,477.68
V,2025-03-21,472.11
V,2025-03-22,466.76
V,2025-03-23,454.52
V,2025-03-24,457.75
V,2025-03-25,445.35
V,2025-03-26,437.22
V,2025-03-27,423.81
V,2025-03-28,423.27
V,2025-03-29,422.31
V,2025-03-30,420.25
V,2025-03-31,413.73
V,2025-04-01,406.52
V,2025-04-02,409.36
V,2025-04-03,405.99
V,2025-04-04,407.92
V,2025-04-05,402.54
V,2025-04-06,403.64
V,2025-04-07,411.61
V,2025-04-08,415.24
V,2025-04-09,412.68
V,2025-04-10,414.27
V,2025-04-11,412.78
V,2025-04-12,412.83
V,2025-04-13,410.82
V,2025-04-14,409.81
V,2025-04-15,411.11
V,2025-04-16,405.03
V,2025-04-17,398.91
V,2025-04-18,390.69
V,2025-04-19,381.42
V,2025-04-20,374.52
V,2025-04-21,375.41
V,2025-04-22,370.42
V,2025-04-23,373.29
V,2025-04-24,373.48
V,2025-04-25,362.61
V,2025-04-26,366.19
V,2025-04-27,370.67
V,2025-04-28,365.19
V,2025-04-29,367.5
V,2025-04-30,362.81
V,2025-05-01,363.34
V,2025-05-02,356.51
V,2025-05-03,347.05
V,2025-05-04,345.06
V,2025-05-05,344.42
V,2025-05-06,342.38
V,2025-05-07,336.35
V,2025-05-08,334.34
V,2025-05-09,335.69
V,2025-05-10,335.46
V,2025-05-11,336.38
V,2025-05-12,333.02
V,2025-05-13,338.92
V,2025-05-14,333.0
V,2025-05-15,335.44
V,2025-05-16,341.44
V,2025-05-17,343.91
V,2025-05-18,342.87
V,2025-05-19,340.16
V,2025-05-20,345.49
V,2025-05-21,338.2
V,2025-05-22,333.31
V,2025-05-23,331.33
V,2025-05-24,337.54
V,2025-05-25,339.46
V,2025-05-26,334.57
V,2025-05-27,333.02
V,2025-05-28,329.96
V,2025-05-29,326.47
V,2025-05-30,331.3
V,2025-05-31,324.55
V,2025-06-01,332.48
V,2025-06-02,336.63
V,2025-06-03,342.19
V,2025-06-04,339.82
V,2025-06-05,339.06
V,2025-06-06,331.84
V,2025-06-07,329.24
V,2025-06-08,331.69
V,2025-06-09,338.2
V,2025-06-10,332.63
V,2025-06-11,330.81
V,2025-06-12,330.06
V,2025-06-13,323.22
V,2025-06-14,326.1
V,2025-06-15,322.58
V,2025-06-16,321.64
V,2025-06-17,319.47
V,2025-06-18,315.7
V,2025-06-19,315.67
V,2025-06-20,314.65
V,2025-06-21,312.9
V,2025-06-22,309.5
V,2025-06-23,310.99
V,2025-06-24,318.8
V,2025-06-25,319.47
V,2025-06-26,324.28
V,2025-06-27,317.59
V,2025-06-28,318.34
V,2025-06-29,313.14
V,2025-06-30,306.28
V,2025-07-01,302.9
V,2025-07-02,308.37
V,2025-07-03,312.79
V,2025-07-04,313.93
V,2025-07-05,306.8
V,2025-07-06,305.9
V,2025-07-07,307.28
V,2025-07-08,308.09
V,2025-07-09,299.69
V,2025-07-10,295.71
V,2025-07-11,295.43
V,2025-07-12,297.82
V,2025-07-13,288.17
V,2025-07-14,287.47
V,2025-07-15,288.08
V,2025-07-16,291.78
V,2025-07-17,294.83
V,2025-07-18,297.41
V,2025-07-19,293.87
V,2025-07-20,285.58
V,2025-07-21,283.9
V,2025-07-22,288.19
V,2025-07-23,294.28
V,2025-07-24,297.43
V,2025-07-25,299.36
V,2025-07-26,301.07
V,2025-07-27,298.57
V,2025-07-28,297.98
V,2025-07-29,305.54
V,2025-07-30,301.25
V,2025-07-31,308.63
V,2025-08-01,307.15
V,2025-08-02,313.31
V,2025-08-03,306.77
V,2025-08-04,309.48
V,2025-08-05,306.08
V,2025-08-06,299.65
V,2025-08-07,300.63
V,2025-08-08,305.22
V,2025-08-09,301.38
V,2025-08-10,294.68
V,2025-08-11,294.27
V,2025-08-12,293.88
V,2025-08-13,296.31
V,2025-08-14,300.56
V,2025-08-15,300.29
V,2025-08-16,308.77
V,2025-08-17,309.81
V,2025-08-18,308.2
V,2025-08-19,300.84
V,2025-08-20,299.66
V,2025-08-21,298.15
V,2025-08-22,302.48
V,2025-08-23,304.58
V,2025-08-24,299.24
V,2025-08-25,300.02
V,2025-08-26,303.05
V,2025-08-27,310.08
V,2025-08-28,314.24
V,2025-08-29,317.84
V,2025-08-30,318.13
V,2025-08-31,319.99
V,2025-09-01,326.04
V,2025-09-02,319.59
V,2025-09-03,317.92
V,2025-09-04,314.25
V,2025-09-05,316.05
V,2025-09-06,321.93
V,2025-09-07,319.06
V,2025-09-08,307.83
V,2025-09-09,305.93
V,2025-09-10,310.15
V,2025-09-11,312.66
V,2025-09-12,314.68
V,2025-09-13,313.36
V,2025-09-14,307.4
V,2025-09-15,309.79
V,2025-09-16,305.93
V,2025-09-17,316.12
V,2025-09-18,318.84
V,2025-09-19,316.08
V,2025-09-20,313.19
V,2025-09-21,312.75
V,2025-09-22,311.63
V,2025-09-23,316.9
V,2025-09-24,317.78
V,2025-09-25,314.32
V,2025-09-26,323.36
V,2025-09-27,323.59
V,2025-09-28,327.35
V,2025-09-29,324.38
V,2025-09-30,326.15
V,2025-10-01,327.67
V,2025-10-02,318.52
V,2025-10-03,328.29
V,2025-10-04,334.71
V,2025-10-05,332.72
V,2025-10-06,327.26
V,2025-10-07,328.97
V,2025-10-08,329.4
V,2025-10-09,331.16
V,2025-10-10,332.12
V,2025-10-11,334.65
V,2025-10-12,341.99
V,2025-10-13,344.92
V,2025-10-14,339.53
V,2025-10-15,346.54
V,2025-10-16,355.18
V,2025-10-17,372.37
V,2025-10-18,366.15
V,2025-10-19,367.49
V,2025-10-20,356.19
V,2025-10-21,359.16
V,2025-10-22,356.21
V,2025-10-23,366.64
V,2025-10-24,362.41
V,2025-10-25,353.34
V,2025-10-26,350.85
V,2025-10-27,340.61
V,2025-10-28,344.46
V,2025-10-29,333.96
V,2025-10-30,334.1
V,2025-10-31,323.85
V,2025-11-01,322.3
V,2025-11-02,330.34
V,2025-11-03,332.13
V,2025-11-04,327.86
V,2025-11-05,327.7
V,2025-11-06,327.79
V,2025-11-07,330.12
V,2025-11-08,323.43
V,2025-11-09,326.31
V,2025-11-10,313.34
V,2025-11-11,310.39
V,2025-11-12,308.13
V,2025-11-13,311.07
V,2025-11-14,311.18
V,2025-11-15,304.68
V,2025-11-16,300.22
V,2025-11-17,301.11
V,2025-11-18,300.75
V,2025-11-19,298.15
V,2025-11-20,296.01
V,2025-11-21,299.12
V,2025-11-22,296.8
V,2025-11-23,296.41
V,2025-11-24,306.22
V,2025-11-25,299.75
V,2025-11-26,291.54
V,2025-11-27,294.98
V,2025-11-28,292.0
V,2025-11-29,290.61
V,2025-11-30,287.22
V,2025-12-01,286.1
V,2025-12-02,293.05
V,2025-12-03,296.59
V,2025-12-04,300.45
V,2025-12-05,294.14
V,2025-12-06,289.1
V,2025-12-07,277.05
V,2025-12-08,273.71
V,2025-12-09,277.66
V,2025-12-10,279.82
V,2025-12-11,278.9
V,2025-12-12,278.8
V,2025-12-13,275.94
V,2025-12-14,276.79
V,2025-12-15,279.98
V,2025-12-16,273.28
V,2025-12-17,274.51
V,2025-12-18,278.38
V,2025-12-19,276.65
V,2025-12-20,279.57
V,2025-12-21,291.63
V,2025-12-22,291.17
V,2025-12-23,292.89
V,2025-12-24,289.67
V,2025-12-25,290.46
V,2025-12-26,292.47
V,2025-12-27,293.33
V,2025-12-28,288.87
V,2025-12-29,289.77
V,2025-12-30,296.2
V,2025-12-31,298.2
V,2026-01-01,302.53
V,2026-01-02,301.46
V,2026-01-03,304.87
V,2026-01-04,306.15
V,2026-01-05,301.81
V,2026-01-06,303.26
V,2026-01-07,298.78
V,2026-01-08,295.96
V,2026-01-09,296.8
V,2026-01-10,298.12
V,2026-01-11,292.85
V,2026-01-12,297.52
V,2026-01-13,300.08
V,2026-01-14,296.93
V,2026-01-15,290.16
V,2026-01-16,289.53
V,2026-01-17,287.6
V,2026-01-18,288.09
V,2026-01-19,286.52
V,2026-01-20,278.02
V,2026-01-21,276.41
V,2026-01-22,275.14
V,2026-01-23,277.77
V,2026-01-24,274.88
V,2026-01-25,281.89
V,2026-01-26,273.92
V,2026-01-27,279.36
V,2026-01-28,278.42
V,2026-01-29,282.03
V,2026-01-30,282.37
V,2026-01-31,287.24
V,2026-02-01,285.57
V,2026-02-02,280.91
V,2026-02-03,286.96
V,2026-02-04,286.47
V,2026-02-05,287.42
V,2026-02-06,292.8
V,2026-02-07,288.3
V,2026-02-08,290.88
V,2026-02-09,288.32
V,2026-02-10,287.75
V,2026-02-11,288.06
V,2026-02-12,281.65
V,2026-02-13,278.38
V,2026-02-14,284.08
V,2026-02-15,287.88
V,2026-02-16,287.61
V,2026-02-17,288.66
V,2026-02-18,287.39
V,2026-02-19,293.3
V,2026-02-20,292.42
V,2026-02-21,293.44
V,2026-02-22,298.53
V,2026-02-23,295.07
V,2026-02-24,302.05
V,2026-02-25,295.19
V,2026-02-26,302.5
V,2026-02-27,300.81
V,2026-02-28,299.72
V,2026-03-01,291.34
V,2026-03-02,289.36
V,2026-03-03,284.88
V,2026-03-04,282.29
V,2026-03-05,281.71
V,2026-03-06,285.79
V,2026-03-07,286.68
V,2026-03-08,288.01
WMT,2025-03-09,233.78
WMT,2025-03-10,230.71
WMT,2025-03-11,237.02
WMT,2025-03-12,234.42
WMT,2025-03-13,240.32
WMT,2025-03-14,239.44
WMT,2025-03-15,239.45
WMT,2025-03-16,243.32
WMT,2025-03-17,248.01
WMT,2025-03-18,247.6
WMT,2025-03-19,246.16
WMT,2025-03-20,245.95
WMT,2025-03-21,247.2
WMT,2025-03-22,250.53
WMT,2025-03-23,250.55
WMT,2025-03-24,252.88
WMT,2025-03-25,259.18
WMT,2025-03-26,260.66
WMT,2025-03-27,261.88
WMT,2025-03-28,255.99
WMT,2025-03-29,246.08
WMT,2025-03-30,247.52
WMT,2025-03-31,247.17
WMT,2025-04-01,245.27
WMT,2025-04-02,246.16
WMT,2025-04-03,245.94
WMT,2025-04-04,250.14
WMT,2025-04-05,250.46
WMT,2025-04-06,247.67
WMT,2025-04-07,251.37
WMT,2025-04-08,250.56
WMT,2025-04-09,252.54
WMT,2025-04-10,250.74
WMT,2025-04-11,248.31
WMT,2025-04-12,248.62
WMT,2025-04-13,248.67
WMT,2025-04-14,250.47
WMT,2025-04-15,249.46
WMT,2025-04-16,242.68
WMT,2025-04-17,241.11
WMT,2025-04-18,244.0
WMT,2025-04-19,242.91
WMT,2025-04-20,242.02
WMT,2025-04-21,245.63
WMT,2025-04-22,243.02
WMT,2025-04-23,237.46
WMT,2025-04-24,236.89
WMT,2025-04-25,235.17
WMT,2025-04-26,231.79
WMT,2025-04-27,231.18
WMT,2025-04-28,232.89
WMT,2025-04-29,232.86
WMT,2025-04-30,233.93
WMT,2025-05-01,240.38
WMT,2025-05-02,239.15
WMT,2025-05-03,240.15
WMT,2025-05-04,238.32
WMT,2025-05-05,235.32
WMT,2025-05-06,233.26
WMT,2025-05-07,231.59
WMT,2025-05-08,232.84
WMT,2025-05-09,241.19
WMT,2025-05-10,238.62
WMT,2025-05-11,237.13
WMT,2025-05-12,236.91
WMT,2025-05-13,238.32
WMT,2025-05-14,239.26
WMT,2025-05-15,243.91
WMT,2025-05-16,235.2
WMT,2025-05-17,226.92
WMT,2025-05-18,225.24
WMT,2025-05-19,228.98
WMT,2025-05-20,223.67
WMT,2025-05-21,213.8
WMT,2025-05-22,215.64
WMT,2025-05-23,216.43
WMT,2025-05-24,212.92
WMT,2025-05-25,209.79
WMT,2025-05-26,206.76
WMT,2025-05-27,207.11
WMT,2025-05-28,205.17
WMT,2025-05-29,206.7
WMT,2025-05-30,198.03
WMT,2025-05-31,195.5
WMT,2025-06-01,192.23
WMT,2025-06-02,191.49
WMT,2025-06-03,189.95
WMT,2025-06-04,192.24
WMT,2025-06-05,186.95
WMT,2025-06-06,187.08
WMT,2025-06-07,188.65
WMT,2025-06-08,193.98
WMT,2025-06-09,192.58
WMT,2025-06-10,193.52
WMT,2025-06-11,188.36
WMT,2025-06-12,181.72
WMT,2025-06-13,184.04
WMT,2025-06-14,184.02
WMT,2025-06-15,187.3
WMT,2025-06-16,183.48
WMT,2025-06-17,184.92
WMT,2025-06-18,190.18
WMT,2025-06-19,191.38
WMT,2025-06-20,192.17
WMT,2025-06-21,192.2
WMT,2025-06-22,187.72
WMT,2025-06-23,191.58
WMT,2025-06-24,189.83
WMT,2025-06-25,191.27
WMT,2025-06-26,186.84
WMT,2025-06-27,183.56
WMT,2025-06-28,187.56
WMT,2025-06-29,186.58
WMT,2025-06-30,190.7
WMT,2025-07-01,190.47
WMT,2025-07-02,185.28
WMT,2025-07-03,187.78
WMT,2025-07-04,186.12
WMT,2025-07-05,188.09
WMT,2025-07-06,188.16
WMT,2025-07-07,183.85
WMT,2025-07-08,184.3
WMT,2025-07-09,190.48
WMT,2025-07-10,191.89
WMT,2025-07-11,191.73
WMT,2025-07-12,194.84
WMT,2025-07-13,195.46
WMT,2025-07-14,196.08
WMT,2025-07-15,192.89
WMT,2025-07-16,193.57
WMT,2025-07-17,196.6
WMT,2025-07-18,194.15
WMT,2025-07-19,198.34
WMT,2025-07-20,198.07
WMT,2025-07-21,195.45
WMT,2025-07-22,198.4
WMT,2025-07-23,197.54
WMT,2025-07-24,199.81
WMT,2025-07-25,198.93
WMT,2025-07-26,198.76
WMT,2025-07-27,200.23
WMT,2025-07-28,201.11
WMT,2025-07-29,195.18
WMT,2025-07-30,191.92
WMT,2025-07-31,194.62
WMT,2025-08-01,194.23
WMT,2025-08-02,192.71
WMT,2025-08-03,188.82
WMT,2025-08-04,185.79
WMT,2025-08-05,180.24
WMT,2025-08-06,179.97
WMT,2025-08-07,178.36
WMT,2025-08-08,175.79
WMT,2025-08-09,175.61
WMT,2025-08-10,176.57
WMT,2025-08-11,182.21
WMT,2025-08-12,178.12
WMT,2025-08-13,181.25
WMT,2025-08-14,183.91
WMT,2025-08-15,181.77
WMT,2025-08-16,182.33
WMT,2025-08-17,181.08
WMT,2025-08-18,181.59
WMT,2025-08-19,185.74
WMT,2025-08-20,187.44
WMT,2025-08-21,188.87
WMT,2025-08-22,187.66
WMT,2025-08-23,183.53
WMT,2025-08-24,182.95
WMT,2025-08-25,186.3
WMT,2025-08-26,182.08
WMT,2025-08-27,179.22
WMT,2025-08-28,179.56
WMT,2025-08-29,176.93
WMT,2025-08-30,174.83
WMT,2025-08-31,173.73
WMT,2025-09-01,170.2
WMT,2025-09-02,167.74
WMT,2025-09-03,169.51
WMT,2025-09-04,166.22
WMT,2025-09-05,162.29
WMT,2025-09-06,160.76
WMT,2025-09-07,162.53
WMT,2025-09-08,162.06
WMT,2025-09-09,160.93
WMT,2025-09-10,161.04
WMT,2025-09-11,156.87
WMT,2025-09-12,158.04
WMT,2025-09-13,158.95
WMT,2025-09-14,157.98
WMT,2025-09-15,160.38
WMT,2025-09-16,157.69
WMT,2025-09-17,160.38
WMT,2025-09-18,160.76
WMT,2025-09-19,159.95
WMT,2025-09-20,159.9
WMT,2025-09-21,159.64
WMT,2025-09-22,162.59
WMT,2025-09-23,159.99
WMT,2025-09-24,158.17
WMT,2025-09-25,160.65
WMT,2025-09-26,159.22
WMT,2025-09-27,161.38
WMT,2025-09-28,165.55
WMT,2025-09-29,164.55
WMT,2025-09-30,166.24
WMT,2025-10-01,163.39
WMT,2025-10-02,165.25
WMT,2025-10-03,165.75
WMT,2025-10-04,166.93
WMT,2025-10-05,165.32
WMT,2025-10-06,161.25
WMT,2025-10-07,162.47
WMT,2025-10-08,157.52
WMT,2025-10-09,156.77
WMT,2025-10-10,159.0
WMT,2025-10-11,159.46
WMT,2025-10-12,164.19
WMT,2025-10-13,166.73
WMT,2025-10-14,165.11
WMT,2025-10-15,165.17
WMT,2025-10-16,165.06
WMT,2025-10-17,161.19
WMT,2025-10-18,158.93
WMT,2025-10-19,157.6
WMT,2025-10-20,152.86
WMT,2025-10-21,152.96
WMT,2025-10-22,152.39
WMT,2025-10-23,148.62
WMT,2025-10-24,149.52
WMT,2025-10-25,151.14
WMT,2025-10-26,151.65
WMT,2025-10-27,150.92
WMT,2025-10-28,152.26
WMT,2025-10-29,153.82
WMT,2025-10-30,154.53
WMT,2025-10-31,152.63
WMT,2025-11-01,153.27
WMT,2025-11-02,156.04
WMT,2025-11-03,154.65
WMT,2025-11-04,159.6
WMT,2025-11-05,158.34
WMT,2025-11-06,158.42
WMT,2025-11-07,156.83
WMT,2025-11-08,157.35
WMT,2025-11-09,153.3
WMT,2025-11-10,152.05
WMT,2025-11-11,149.58
WMT,2025-11-12,149.88
WMT,2025-11-13,152.13
WMT,2025-11-14,153.61
WMT,2025-11-15,148.24
WMT,2025-11-16,152.86
WMT,2025-11-17,153.53
WMT,2025-11-18,151.76
WMT,2025-11-19,152.11
WMT,2025-11-20,152.52
WMT,2025-11-21,151.0
WMT,2025-11-22,151.45
WMT,2025-11-23,150.07
WMT,2025-11-24,149.17
WMT,2025-11-25,147.64
WMT,2025-11-26,144.5
WMT,2025-11-27,144.82
WMT,2025-11-28,146.09
WMT,2025-11-29,147.23
WMT,2025-11-30,149.05
WMT,2025-12-01,149.77
WMT,2025-12-02,148.58
WMT,2025-12-03,150.47
WMT,2025-12-04,147.43
WMT,2025-12-05,145.45
WMT,2025-12-06,143.37
WMT,2025-12-07,145.71
WMT,2025-12-08,147.78
WMT,2025-12-09,148.87
WMT,2025-12-10,151.28
WMT,2025-12-11,149.3
WMT,2025-12-12,150.08
WMT,2025-12-13,149.8
WMT,2025-12-14,151.71
WMT,2025-12-15,151.45
WMT,2025-12-16,150.58
WMT,2025-12-17,151.81
WMT,2025-12-18,153.81
WMT,2025-12-19,152.28
WMT,2025-12-20,152.14
WMT,2025-12-21,149.74
WMT,2025-12-22,144.24
WMT,2025-12-23,144.67
WMT,2025-12-24,146.0
WMT,2025-12-25,146.57
WMT,2025-12-26,142.35
WMT,2025-12-27,141.6
WMT,2025-12-28,136.97
WMT,2025-12-29,139.81
WMT,2025-12-30,137.55
WMT,2025-12-31,140.17
WMT,2026-01-01,142.17
WMT,2026-01-02,140.26
WMT,2026-01-03,137.9
WMT,2026-01-04,138.63
WMT,2026-01-05,136.88
WMT,2026-01-06,137.09
WMT,2026-01-07,136.1
WMT,2026-01-08,132.51
WMT,2026-01-09,128.15
WMT,2026-01-10,128.59
WMT,2026-01-11,127.51
WMT,2026-01-12,126.46
WMT,2026-01-13,127.79
WMT,2026-01-14,130.05
WMT,2026-01-15,129.52
WMT,2026-01-16,128.86
WMT,2026-01-17,129.83
WMT,2026-01-18,127.22
WMT,2026-01-19,127.65
WMT,2026-01-20,128.71
WMT,2026-01-21,130.03
WMT,2026-01-22,126.3
WMT,2026-01-23,124.87
WMT,2026-01-24,123.23
WMT,2026-01-25,123.42
WMT,2026-01-26,124.31
WMT,2026-01-27,127.14
WMT,2026-01-28,126.19
WMT,2026-01-29,125.26
WMT,2026-01-30,127.44
WMT,2026-01-31,128.0
WMT,2026-02-01,130.46
WMT,2026-02-02,131.03
WMT,2026-02-03,128.77
WMT,2026-02-04,126.22
WMT,2026-02-05,123.32
WMT,2026-02-06,124.55
WMT,2026-02-07,126.79
WMT,2026-02-08,130.36
WMT,2026-02-09,132.02
WMT,2026-02-10,134.34
WMT,2026-02-11,133.18
WMT,2026-02-12,130.88
WMT,2026-02-13,132.56
WMT,2026-02-14,133.4
WMT,2026-02-15,133.61
WMT,2026-02-16,134.39
WMT,2026-02-17,135.04
WMT,2026-02-18,137.67
WMT,2026-02-19,140.37
WMT,2026-02-20,141.52
WMT,2026-02-21,143.33
WMT,2026-02-22,144.44
WMT,2026-02-23,143.44
WMT,2026-02-24,145.08
WMT,2026-02-25,142.08
WMT,2026-02-26,144.34
WMT,2026-02-27,141.78
WMT,2026-02-28,142.39
WMT,2026-03-01,140.59
WMT,2026-03-02,141.76
WMT,2026-03-03,141.69
WMT,2026-03-04,138.34
WMT,2026-03-05,139.22
WMT,2026-03-06,138.02
WMT,2026-03-07,139.85
WMT,2026-03-08,139.86
JNJ,2025-03-09,104.07
JNJ,2025-03-10,102.58
JNJ,2025-03-11,101.68
JNJ,2025-03-12,100.98
JNJ,2025-03-13,102.29
JNJ,2025-03-14,104.89
JNJ,2025-03-15,103.63
JNJ,2025-03-16,105.32
JNJ,2025-03-17,101.95
JNJ,2025-03-18,100.14
JNJ,2025-03-19,98.71
JNJ,2025-03-20,96.73
JNJ,2025-03-21,94.46
JNJ,2025-03-22,95.04
JNJ,2025-03-23,94.74
JNJ,2025-03-24,95.28
JNJ,2025-03-25,96.27
JNJ,2025-03-26,96.66
JNJ,2025-03-27,97.61
JNJ,2025-03-28,97.51
JNJ,2025-03-29,95.79
JNJ,2025-03-30,97.32
JNJ,2025-03-31,96.47
JNJ,2025-04-01,95.12
JNJ,2025-04-02,94.87
JNJ,2025-04-03,93.58
JNJ,2025-04-04,93.0
JNJ,2025-04-05,93.48
JNJ,2025-04-06,93.97
JNJ,2025-04-07,92.71
JNJ,2025-04-08,92.03
JNJ,2025-04-09,93.53
JNJ,2025-04-10,94.23
JNJ,2025-04-11,97.21
JNJ,2025-04-12,98.94
JNJ,2025-04-13,100.66
JNJ,2025-04-14,98.58
JNJ,2025-04-15,99.72
JNJ,2025-04-16,99.64
JNJ,2025-04-17,98.82
JNJ,2025-04-18,99.07
JNJ,2025-04-19,100.48
JNJ,2025-04-20,101.24
JNJ,2025-04-21,99.91
JNJ,2025-04-22,101.03
JNJ,2025-04-23,100.07
JNJ,2025-04-24,100.4
JNJ,2025-04-25,99.94
JNJ,2025-04-26,99.61
JNJ,2025-04-27,100.77
JNJ,2025-04-28,99.21
JNJ,2025-04-29,102.14
JNJ,2025-04-30,99.39
JNJ,2025-05-01,98.5
JNJ,2025-05-02,99.05
JNJ,2025-05-03,99.92
JNJ,2025-05-04,99.77
JNJ,2025-05-05,99.69
JNJ,2025-05-06,100.3
JNJ,2025-05-07,99.96
JNJ,2025-05-08,102.07
JNJ,2025-05-09,103.36
JNJ,2025-05-10,104.72
JNJ,2025-05-11,103.22
JNJ,2025-05-12,103.09
JNJ,2025-05-13,102.63
JNJ,2025-05-14,101.09
JNJ,2025-05-15,101.64
JNJ,2025-05-16,100.82
JNJ,2025-05-17,101.82
JNJ,2025-05-18,100.2
JNJ,2025-05-19,102.82
JNJ,2025-05-20,101.44
JNJ,2025-05-21,101.78
JNJ,2025-05-22,102.99
JNJ,2025-05-23,102.12
JNJ,2025-05-24,103.43
JNJ,2025-05-25,101.54
JNJ,2025-05-26,103.78
JNJ,2025-05-27,103.8
JNJ,2025-05-28,102.87
JNJ,2025-05-29,102.41
JNJ,2025-05-30,103.66
JNJ,2025-05-31,102.76
JNJ,2025-06-01,101.61
JNJ,2025-06-02,101.27
JNJ,2025-06-03,99.5
JNJ,2025-06-04,102.26
JNJ,2025-06-05,101.39
JNJ,2025-06-06,102.66
JNJ,2025-06-07,102.99
JNJ,2025-06-08,101.48
JNJ,2025-06-09,101.47
JNJ,2025-06-10,102.67
JNJ,2025-06-11,102.38
JNJ,2025-06-12,104.23
JNJ,2025-06-13,105.84
JNJ,2025-06-14,107.31
JNJ,2025-06-15,106.57
JNJ,2025-06-16,104.86
JNJ,2025-06-17,103.9
JNJ,2025-06-18,104.2
JNJ,2025-06-19,105.06
JNJ,2025-06-20,101.69
JNJ,2025-06-21,101.68
JNJ,2025-06-22,101.92
JNJ,2025-06-23,101.5
JNJ,2025-06-24,103.48
JNJ,2025-06-25,104.14
JNJ,2025-06-26,106.21
JNJ,2025-06-27,105.86
JNJ,2025-06-28,107.36
JNJ,2025-06-29,110.03
JNJ,2025-06-30,112.21
JNJ,2025-07-01,110.39
JNJ,2025-07-02,109.97
JNJ,2025-07-03,109.4
JNJ,2025-07-04,110.21
JNJ,2025-07-05,111.35
JNJ,2025-07-06,109.96
JNJ,2025-07-07,110.07
JNJ,2025-07-08,106.78
JNJ,2025-07-09,109.12
JNJ,2025-07-10,108.28
JNJ,2025-07-11,108.37
JNJ,2025-07-12,107.87
JNJ,2025-07-13,109.74
JNJ,2025-07-14,105.17
JNJ,2025-07-15,105.14
JNJ,2025-07-16,104.98
JNJ,2025-07-17,104.26
JNJ,2025-07-18,107.0
JNJ,2025-07-19,105.58
JNJ,2025-07-20,106.81
JNJ,2025-07-21,107.39
JNJ,2025-07-22,109.44
JNJ,2025-07-23,108.35
JNJ,2025-07-24,107.16
JNJ,2025-07-25,108.94
JNJ,2025-07-26,109.64
JNJ,2025-07-27,107.13
JNJ,2025-07-28,106.26
JNJ,2025-07-29,106.88
JNJ,2025-07-30,108.23
JNJ,2025-07-31,107.13
JNJ,2025-08-01,102.55
JNJ,2025-08-02,103.36
JNJ,2025-08-03,101.49
JNJ,2025-08-04,98.46
JNJ,2025-08-05,94.36
JNJ,2025-08-06,95.52
JNJ,2025-08-07,95.71
JNJ,2025-08-08,95.38
JNJ,2025-08-09,97.39
JNJ,2025-08-10,98.33
JNJ,2025-08-11,100.74
JNJ,2025-08-12,98.66
JNJ,2025-08-13,98.61
JNJ,2025-08-14,96.25
JNJ,2025-08-15,95.91
JNJ,2025-08-16,95.56
JNJ,2025-08-17,96.46
JNJ,2025-08-18,96.53
JNJ,2025-08-19,97.43
JNJ,2025-08-20,98.47
JNJ,2025-08-21,101.7
JNJ,2025-08-22,101.22
JNJ,2025-08-23,99.8
JNJ,2025-08-24,100.17
JNJ,2025-08-25,98.97
JNJ,2025-08-26,101.2
JNJ,2025-08-27,100.77
JNJ,2025-08-28,99.92
JNJ,2025-08-29,99.21
JNJ,2025-08-30,100.29
JNJ,2025-08-31,100.05
JNJ,2025-09-01,99.09
JNJ,2025-09-02,101.6
JNJ,2025-09-03,100.3
JNJ,2025-09-04,100.36
JNJ,2025-09-05,101.34
JNJ,2025-09-06,98.89
JNJ,2025-09-07,99.61
JNJ,2025-09-08,98.05
JNJ,2025-09-09,99.26
JNJ,2025-09-10,97.84
JNJ,2025-09-11,98.86
JNJ,2025-09-12,100.52
JNJ,2025-09-13,101.82
JNJ,2025-09-14,102.21
JNJ,2025-09-15,101.85
JNJ,2025-09-16,100.98
JNJ,2025-09-17,103.23
JNJ,2025-09-18,102.15
JNJ,2025-09-19,100.57
JNJ,2025-09-20,101.58
JNJ,2025-09-21,100.38
JNJ,2025-09-22,98.96
JNJ,2025-09-23,96.84
JNJ,2025-09-24,96.14
JNJ,2025-09-25,96.02
JNJ,2025-09-26,96.37
JNJ,2025-09-27,97.76
JNJ,2025-09-28,98.53
JNJ,2025-09-29,98.25
JNJ,2025-09-30,97.96
JNJ,2025-10-01,98.71
JNJ,2025-10-02,100.61
JNJ,2025-10-03,100.8
JNJ,2025-10-04,100.1
JNJ,2025-10-05,98.62
JNJ,2025-10-06,96.5
JNJ,2025-10-07,97.47
JNJ,2025-10-08,98.32
JNJ,2025-10-09,99.18
JNJ,2025-10-10,98.98
JNJ,2025-10-11,101.09
JNJ,2025-10-12,100.36
JNJ,2025-10-13,101.81
JNJ,2025-10-14,101.75
JNJ,2025-10-15,100.83
JNJ,2025-10-16,101.73
JNJ,2025-10-17,102.36
JNJ,2025-10-18,102.91
JNJ,2025-10-19,103.03
JNJ,2025-10-20,102.97
JNJ,2025-10-21,106.73
JNJ,2025-10-22,108.64
JNJ,2025-10-23,109.83
JNJ,2025-10-24,110.01
JNJ,2025-10-25,111.68
JNJ,2025-10-26,112.56
JNJ,2025-10-27,112.6
JNJ,2025-10-28,112.09
JNJ,2025-10-29,111.95
JNJ,2025-10-30,106.75
JNJ,2025-10-31,107.09
JNJ,2025-11-01,106.31
JNJ,2025-11-02,108.88
JNJ,2025-11-03,108.91
JNJ,2025-11-04,106.99
JNJ,2025-11-05,106.91
JNJ,2025-11-06,105.24
JNJ,2025-11-07,105.99
JNJ,2025-11-08,106.45
JNJ,2025-11-09,108.0
JNJ,2025-11-10,106.72
JNJ,2025-11-11,106.78
JNJ,2025-11-12,104.61
JNJ,2025-11-13,105.72
JNJ,2025-11-14,106.54
JNJ,2025-11-15,107.34
JNJ,2025-11-16,107.34
JNJ,2025-11-17,108.01
JNJ,2025-11-18,110.64
JNJ,2025-11-19,110.17
JNJ,2025-11-20,110.4
JNJ,2025-11-21,108.62
JNJ,2025-11-22,107.21
JNJ,2025-11-23,107.37
JNJ,2025-11-24,109.16
JNJ,2025-11-25,108.74
JNJ,2025-11-26,108.36
JNJ,2025-11-27,107.7
JNJ,2025-11-28,106.84
JNJ,2025-11-29,107.31
JNJ,2025-11-30,104.93
JNJ,2025-12-01,106.96
JNJ,2025-12-02,105.9
JNJ,2025-12-03,107.06
JNJ,2025-12-04,105.03
JNJ,2025-12-05,106.09
JNJ,2025-12-06,107.17
JNJ,2025-12-07,107.79
JNJ,2025-12-08,106.19
JNJ,2025-12-09,106.59
JNJ,2025-12-10,104.72
JNJ,2025-12-11,104.32
JNJ,2025-12-12,105.94
JNJ,2025-12-13,107.22
JNJ,2025-12-14,107.24
JNJ,2025-12-15,105.68
JNJ,2025-12-16,106.71
JNJ,2025-12-17,106.74
JNJ,2025-12-18,103.09
JNJ,2025-12-19,104.31
JNJ,2025-12-20,104.27
JNJ,2025-12-21,106.17
JNJ,2025-12-22,104.44
JNJ,2025-12-23,99.58
JNJ,2025-12-24,100.0
JNJ,2025-12-25,100.44
JNJ,2025-12-26,97.92
JNJ,2025-12-27,96.49
JNJ,2025-12-28,100.57
JNJ,2025-12-29,100.11
JNJ,2025-12-30,101.21
JNJ,2025-12-31,100.23
JNJ,2026-01-01,97.13
JNJ,2026-01-02,96.88
JNJ,2026-01-03,96.5
JNJ,2026-01-04,95.92
JNJ,2026-01-05,95.76
JNJ,2026-01-06,96.14
JNJ,2026-01-07,95.92
JNJ,2026-01-08,94.12
JNJ,2026-01-09,94.81
JNJ,2026-01-10,92.08
JNJ,2026-01-11,89.29
JNJ,2026-01-12,90.28
JNJ,2026-01-13,90.97
JNJ,2026-01-14,90.89
JNJ,2026-01-15,89.01
JNJ,2026-01-16,88.07
JNJ,2026-01-17,87.73
JNJ,2026-01-18,85.65
JNJ,2026-01-19,84.71
JNJ,2026-01-20,85.54
JNJ,2026-01-21,87.39
JNJ,2026-01-22,86.84
JNJ,2026-01-23,87.83
JNJ,2026-01-24,85.35
JNJ,2026-01-25,86.2
JNJ,2026-01-26,85.16
JNJ,2026-01-27,85.56
JNJ,2026-01-28,85.24
JNJ,2026-01-29,86.94
JNJ,2026-01-30,85.81
JNJ,2026-01-31,86.62
JNJ,2026-02-01,86.26
JNJ,2026-02-02,86.05
JNJ,2026-02-03,85.82
JNJ,2026-02-04,84.74
JNJ,2026-02-05,84.72
JNJ,2026-02-06,84.64
JNJ,2026-02-07,84.95
JNJ,2026-02-08,85.05
JNJ,2026-02-09,86.08
JNJ,2026-02-10,87.28
JNJ,2026-02-11,85.91
JNJ,2026-02-12,87.04
JNJ,2026-02-13,85.51
JNJ,2026-02-14,86.26
JNJ,2026-02-15,87.07
JNJ,2026-02-16,84.61
JNJ,2026-02-17,84.73
JNJ,2026-02-18,84.13
JNJ,2026-02-19,83.18
JNJ,2026-02-20,84.88
JNJ,2026-02-21,84.05
JNJ,2026-02-22,83.04
JNJ,2026-02-23,83.14
JNJ,2026-02-24,84.0
JNJ,2026-02-25,83.82
JNJ,2026-02-26,85.3
JNJ,2026-02-27,85.98
JNJ,2026-02-28,83.22
JNJ,2026-03-01,82.56
JNJ,2026-03-02,81.87
JNJ,2026-03-03,82.46
JNJ,2026-03-04,79.27
JNJ,2026-03-05,82.36
JNJ,2026-03-06,83.02
JNJ,2026-03-07,83.21
JNJ,2026-03-08,84.7
PG,2025-03-09,465.54
PG,2025-03-10,471.66
PG,2025-03-11,478.42
PG,2025-03-12,479.36
PG,2025-03-13,478.35
PG,2025-03-14,474.94
PG,2025-03-15,469.09
PG,2025-03-16,464.29
PG,2025-03-17,454.97
PG,2025-03-18,454.46
PG,2025-03-19,443.12
PG,2025-03-20,444.39
PG,2025-03-21,444.14
PG,2025-03-22,445.12
PG,2025-03-23,441.65
PG,2025-03-24,462.51
PG,2025-03-25,472.05
PG,2025-03-26,463.32
PG,2025-03-27,464.94
PG,2025-03-28,460.72
PG,2025-03-29,453.76
PG,2025-03-30,444.73
PG,2025-03-31,447.62
PG,2025-04-01,443.07
PG,2025-04-02,449.55
PG,2025-04-03,456.3
PG,2025-04-04,465.8
PG,2025-04-05,459.88
PG,2025-04-06,463.17
PG,2025-04-07,467.59
PG,2025-04-08,464.28
PG,2025-04-09,458.93
PG,2025-04-10,470.15
PG,2025-04-11,471.75
PG,2025-04-12,476.28
PG,2025-04-13,470.44
PG,2025-04-14,461.91
PG,2025-04-15,457.98
PG,2025-04-16,457.13
PG,2025-04-17,449.89
PG,2025-04-18,449.83
PG,2025-04-19,438.58
PG,2025-04-20,431.27
PG,2025-04-21,435.63
PG,2025-04-22,439.6
PG,2025-04-23,437.02
PG,2025-04-24,430.4
PG,2025-04-25,423.82
PG,2025-04-26,421.45
PG,2025-04-27,425.54
PG,2025-04-28,431.51
PG,2025-04-29,428.31
PG,2025-04-30,420.96
PG,2025-05-01,422.66
PG,2025-05-02,417.47
PG,2025-05-03,414.23
PG,2025-05-04,422.55
PG,2025-05-05,427.83
PG,2025-05-06,428.84
PG,2025-05-07,420.74
PG,2025-05-08,422.07
PG,2025-05-09,428.86
PG,2025-05-10,426.45
PG,2025-05-11,435.18
PG,2025-05-12,443.7
PG,2025-05-13,454.91
PG,2025-05-14,457.0
PG,2025-05-15,461.04
PG,2025-05-16,470.93
PG,2025-05-17,474.1
PG,2025-05-18,470.55
PG,2025-05-19,467.39
PG,2025-05-20,469.07
PG,2025-05-21,460.07
PG,2025-05-22,459.09
PG,2025-05-23,466.7
PG,2025-05-24,451.61
PG,2025-05-25,462.12
PG,2025-05-26,469.97
PG,2025-05-27,466.74
PG,2025-05-28,470.56
PG,2025-05-29,470.58
PG,2025-05-30,479.35
PG,2025-05-31,486.46
PG,2025-06-01,476.35
PG,2025-06-02,480.57
PG,2025-06-03,479.09
PG,2025-06-04,479.68
PG,2025-06-05,474.47
PG,2025-06-06,487.08
PG,2025-06-07,494.74
PG,2025-06-08,489.28
PG,2025-06-09,479.58
PG,2025-06-10,476.81
PG,2025-06-11,479.93
PG,2025-06-12,481.66
PG,2025-06-13,490.8
PG,2025-06-14,496.65
PG,2025-06-15,503.93
PG,2025-06-16,506.41
PG,2025-06-17,495.96
PG,2025-06-18,494.51
PG,2025-06-19,502.43
PG,2025-06-20,502.05
PG,2025-06-21,505.85
PG,2025-06-22,503.44
PG,2025-06-23,495.72
PG,2025-06-24,494.8
PG,2025-06-25,497.1
PG,2025-06-26,492.24
PG,2025-06-27,490.5
PG,2025-06-28,483.64
PG,2025-06-29,491.82
PG,2025-06-30,489.66
PG,2025-07-01,500.44
PG,2025-07-02,512.05
PG,2025-07-03,511.43
PG,2025-07-04,503.75
PG,2025-07-05,488.24
PG,2025-07-06,477.57
PG,2025-07-07,467.83
PG,2025-07-08,477.61
PG,2025-07-09,478.44
PG,2025-07-10,481.24
PG,2025-07-11,465.48
PG,2025-07-12,457.19
PG,2025-07-13,463.31
PG,2025-07-14,465.31
PG,2025-07-15,464.28
PG,2025-07-16,468.23
PG,2025-07-17,479.86
PG,2025-07-18,478.27
PG,2025-07-19,478.77
PG,2025-07-20,480.16
PG,2025-07-21,497.7
PG,2025-07-22,482.27
PG,2025-07-23,487.24
PG,2025-07-24,486.4
PG,2025-07-25,490.55
PG,2025-07-26,485.74
PG,2025-07-27,485.38
PG,2025-07-28,490.59
PG,2025-07-29,514.04
PG,2025-07-30,520.31
PG,2025-07-31,513.73
PG,2025-08-01,510.48
PG,2025-08-02,507.02
PG,2025-08-03,493.54
PG,2025-08-04,491.11
PG,2025-08-05,496.53
PG,2025-08-06,487.13
PG,2025-08-07,494.86
PG,2025-08-08,498.49
PG,2025-08-09,493.03
PG,2025-08-10,491.98
PG,2025-08-11,503.92
PG,2025-08-12,509.5
PG,2025-08-13,509.56
PG,2025-08-14,507.75
PG,2025-08-15,508.33
PG,2025-08-16,504.45
PG,2025-08-17,488.77
PG,2025-08-18,503.97
PG,2025-08-19,505.15
PG,2025-08-20,508.18
PG,2025-08-21,507.73
PG,2025-08-22,502.17
PG,2025-08-23,500.77
PG,2025-08-24,488.9
PG,2025-08-25,505.88
PG,2025-08-26,496.6
PG,2025-08-27,488.97
PG,2025-08-28,485.76
PG,2025-08-29,495.23
PG,2025-08-30,495.34
PG,2025-08-31,486.24
PG,2025-09-01,495.48
PG,2025-09-02,500.94
PG,2025-09-03,505.0
PG,2025-09-04,510.45
PG,2025-09-05,529.12
PG,2025-09-06,546.75
PG,2025-09-07,541.15
PG,2025-09-08,554.49
PG,2025-09-09,557.68
PG,2025-09-10,561.88
PG,2025-09-11,547.79
PG,2025-09-12,546.39
PG,2025-09-13,539.77
PG,2025-09-14,546.52
PG,2025-09-15,555.37
PG,2025-09-16,538.35
PG,2025-09-17,538.18
PG,2025-09-18,547.31
PG,2025-09-19,545.78
PG,2025-09-20,551.78
PG,2025-09-21,554.69
PG,2025-09-22,557.54
PG,2025-09-23,555.28
PG,2025-09-24,545.24
PG,2025-09-25,536.14
PG,2025-09-26,541.88
PG,2025-09-27,542.04
PG,2025-09-28,540.91
PG,2025-09-29,537.48
PG,2025-09-30,535.03
PG,2025-10-01,543.5
PG,2025-10-02,540.77
PG,2025-10-03,530.0
PG,2025-10-04,535.95
PG,2025-10-05,534.3
PG,2025-10-06,534.55
PG,2025-10-07,547.6
PG,2025-10-08,547.43
PG,2025-10-09,549.81
PG,2025-10-10,540.17
PG,2025-10-11,538.4
PG,2025-10-12,543.34
PG,2025-10-13,530.81
PG,2025-10-14,532.41
PG,2025-10-15,533.22
PG,2025-10-16,533.55
PG,2025-10-17,541.91
PG,2025-10-18,544.64
PG,2025-10-19,556.85
PG,2025-10-20,548.61
PG,2025-10-21,549.73
PG,2025-10-22,550.43
PG,2025-10-23,541.67
PG,2025-10-24,549.5
PG,2025-10-25,569.0
PG,2025-10-26,568.85
PG,2025-10-27,573.18
PG,2025-10-28,573.9
PG,2025-10-29,567.79
PG,2025-10-30,552.5
PG,2025-10-31,546.68
PG,2025-11-01,535.38
PG,2025-11-02,549.24
PG,2025-11-03,548.3
PG,2025-11-04,545.46
PG,2025-11-05,552.78
PG,2025-11-06,543.56
PG,2025-11-07,537.34
PG,2025-11-08,537.89
PG,2025-11-09,546.26
PG,2025-11-10,550.38
PG,2025-11-11,552.44
PG,2025-11-12,553.08
PG,2025-11-13,556.41
PG,2025-11-14,558.1
PG,2025-11-15,549.54
PG,2025-11-16,549.92
PG,2025-11-17,541.14
PG,2025-11-18,541.8
PG,2025-11-19,537.9
PG,2025-11-20,558.79
PG,2025-11-21,558.45
PG,2025-11-22,546.81
PG,2025-11-23,545.72
PG,2025-11-24,549.98
PG,2025-11-25,563.96
PG,2025-11-26,559.0
PG,2025-11-27,545.89
PG,2025-11-28,552.62
PG,2025-11-29,541.29
PG,2025-11-30,537.76
PG,2025-12-01,535.69
PG,2025-12-02,535.13
PG,2025-12-03,540.69
PG,2025-12-04,535.17
PG,2025-12-05,532.98
PG,2025-12-06,532.86
PG,2025-12-07,534.06
PG,2025-12-08,534.84
PG,2025-12-09,538.35
PG,2025-12-10,545.21
PG,2025-12-11,548.43
PG,2025-12-12,552.18
PG,2025-12-13,539.23
PG,2025-12-14,539.63
PG,2025-12-15,543.53
PG,2025-12-16,549.5
PG,2025-12-17,543.83
PG,2025-12-18,538.48
PG,2025-12-19,533.86
PG,2025-12-20,538.17
PG,2025-12-21,546.58
PG,2025-12-22,543.25
PG,2025-12-23,550.7
PG,2025-12-24,551.72
PG,2025-12-25,550.7
PG,2025-12-26,548.95
PG,2025-12-27,555.13
PG,2025-12-28,557.85
PG,2025-12-29,577.22
PG,2025-12-30,569.89
PG,2025-12-31,574.34
PG,2026-01-01,569.8
PG,2026-01-02,562.42
PG,2026-01-03,562.32
PG,2026-01-04,563.48
PG,2026-01-05,588.7
PG,2026-01-06,587.07
PG,2026-01-07,577.2
PG,2026-01-08,579.57
PG,2026-01-09,561.82
PG,2026-01-10,561.04
PG,2026-01-11,561.18
PG,2026-01-12,567.9
PG,2026-01-13,576.26
PG,2026-01-14,571.92
PG,2026-01-15,570.63
PG,2026-01-16,564.11
PG,2026-01-17,554.65
PG,2026-01-18,557.23
PG,2026-01-19,546.69
PG,2026-01-20,543.3
PG,2026-01-21,535.25
PG,2026-01-22,539.68
PG,2026-01-23,554.46
PG,2026-01-24,543.74
PG,2026-01-25,528.84
PG,2026-01-26,527.85
PG,2026-01-27,527.97
PG,2026-01-28,529.7
PG,2026-01-29,526.17
PG,2026-01-30,524.59
PG,2026-01-31,527.49
PG,2026-02-01,535.79
PG,2026-02-02,520.3
PG,2026-02-03,517.43
PG,2026-02-04,519.09
PG,2026-02-05,511.99
PG,2026-02-06,525.46
PG,2026-02-07,520.48
PG,2026-02-08,520.16
PG,2026-02-09,524.51
PG,2026-02-10,519.88
PG,2026-02-11,505.68
PG,2026-02-12,502.44
PG,2026-02-13,510.26
PG,2026-02-14,507.68
PG,2026-02-15,501.28
PG,2026-02-16,508.29
PG,2026-02-17,505.77
PG,2026-02-18,501.92
PG,2026-02-19,503.04
PG,2026-02-20,508.89
PG,2026-02-21,527.4
PG,2026-02-22,533.99
PG,2026-02-23,543.36
PG,2026-02-24,539.25
PG,2026-02-25,531.02
PG,2026-02-26,531.51
PG,2026-02-27,532.37
PG,2026-02-28,523.82
PG,2026-03-01,522.45
PG,2026-03-02,525.59
PG,2026-03-03,528.44
PG,2026-03-04,532.45
PG,2026-03-05,534.78
PG,2026-03-06,530.73
PG,2026-03-07,526.65
PG,2026-03-08,517.26
DIS,2025-03-09,486.14
DIS,2025-03-10,486.24
DIS,2025-03-11,484.6
DIS,2025-03-12,477.9
DIS,2025-03-13,499.41
DIS,2025-03-14,491.44
DIS,2025-03-15,488.29
DIS,2025-03-16,491.34
DIS,2025-03-17,495.78
DIS,2025-03-18,502.96
DIS,2025-03-19,516.78
DIS,2025-03-20,520.72
DIS,2025-03-21,512.54
DIS,2025-03-22,510.57
DIS,2025-03-23,512.93
DIS,2025-03-24,529.09
DIS,2025-03-25,518.11
DIS,2025-03-26,527.55
DIS,2025-03-27,528.97
DIS,2025-03-28,535.66
DIS,2025-03-29,534.84
DIS,2025-03-30,528.13
DIS,2025-03-31,534.11
DIS,2025-04-01,539.38
DIS,2025-04-02,547.3
DIS,2025-04-03,547.19
DIS,2025-04-04,542.29
DIS,2025-04-05,529.76
DIS,2025-04-06,536.31
DIS,2025-04-07,539.73
DIS,2025-04-08,531.97
DIS,2025-04-09,527.68
DIS,2025-04-10,524.0
DIS,2025-04-11,512.48
DIS,2025-04-12,506.23
DIS,2025-04-13,497.69
DIS,2025-04-14,494.62
DIS,2025-04-15,489.17
DIS,2025-04-16,477.38
DIS,2025-04-17,492.08
DIS,2025-04-18,501.42
DIS,2025-04-19,495.59
DIS,2025-04-20,497.62
DIS,2025-04-21,500.75
DIS,2025-04-22,509.77
DIS,2025-04-23,503.55
DIS,2025-04-24,511.87
DIS,2025-04-25,507.68
DIS,2025-04-26,497.61
DIS,2025-04-27,503.04
DIS,2025-04-28,512.88
DIS,2025-04-29,533.18
DIS,2025-04-30,523.67
DIS,2025-05-01,529.19
DIS,2025-05-02,525.94
DIS,2025-05-03,532.16
DIS,2025-05-04,520.55
DIS,2025-05-05,510.78
DIS,2025-05-06,504.87
DIS,2025-05-07,505.47
DIS,2025-05-08,500.63
DIS,2025-05-09,505.61
DIS,2025-05-10,513.46
DIS,2025-05-11,518.09
DIS,2025-05-12,530.83
DIS,2025-05-13,534.15
DIS,2025-05-14,524.49
DIS,2025-05-15,535.33
DIS,2025-05-16,530.49
DIS,2025-05-17,537.78
DIS,2025-05-18,550.63
DIS,2025-05-19,554.41
DIS,2025-05-20,542.11
DIS,2025-05-21,534.69
DIS,2025-05-22,545.41
DIS,2025-05-23,544.03
DIS,2025-05-24,544.68
DIS,2025-05-25,550.91
DIS,2025-05-26,556.7
DIS,2025-05-27,559.03
DIS,2025-05-28,557.28
DIS,2025-05-29,554.67
DIS,2025-05-30,561.86
DIS,2025-05-31,566.54
DIS,2025-06-01,564.36
DIS,2025-06-02,573.6
DIS,2025-06-03,572.49
DIS,2025-06-04,565.22
DIS,2025-06-05,558.82
DIS,2025-06-06,550.68
DIS,2025-06-07,548.43
DIS,2025-06-08,558.68
DIS,2025-06-09,551.97
DIS,2025-06-10,553.53
DIS,2025-06-11,548.11
DIS,2025-06-12,545.97
DIS,2025-06-13,533.74
DIS,2025-06-14,531.98
DIS,2025-06-15,530.44
DIS,2025-06-16,534.75
DIS,2025-06-17,536.55
DIS,2025-06-18,526.99
DIS,2025-06-19,535.63
DIS,2025-06-20,537.32
DIS,2025-06-21,538.92
DIS,2025-06-22,538.85
DIS,2025-06-23,534.68
DIS,2025-06-24,536.43
DIS,2025-06-25,540.27
DIS,2025-06-26,526.3
DIS,2025-06-27,522.06
DIS,2025-06-28,520.07
DIS,2025-06-29,522.07
DIS,2025-06-30,531.5
DIS,2025-07-01,525.38
DIS,2025-07-02,521.47
DIS,2025-07-03,517.48
DIS,2025-07-04,511.29
DIS,2025-07-05,508.64
DIS,2025-07-06,514.55
DIS,2025-07-07,506.48
DIS,2025-07-08,509.74
DIS,2025-07-09,496.9
DIS,2025-07-10,492.73
DIS,2025-07-11,490.3
DIS,2025-07-12,502.77
DIS,2025-07-13,500.71
DIS,2025-07-14,484.44
DIS,2025-07-15,470.13
DIS,2025-07-16,470.37
DIS,2025-07-17,474.72
DIS,2025-07-18,477.41
DIS,2025-07-19,478.61
DIS,2025-07-20,487.02
DIS,2025-07-21,483.1
DIS,2025-07-22,489.63
DIS,2025-07-23,477.79
DIS,2025-07-24,471.34
DIS,2025-07-25,458.74
DIS,2025-07-26,456.85
DIS,2025-07-27,456.54
DIS,2025-07-28,457.32
DIS,2025-07-29,457.74
DIS,2025-07-30,451.42
DIS,2025-07-31,450.13
DIS,2025-08-01,440.13
DIS,2025-08-02,449.23
DIS,2025-08-03,447.18
DIS,2025-08-04,443.92
DIS,2025-08-05,454.62
DIS,2025-08-06,446.23
DIS,2025-08-07,438.76
DIS,2025-08-08,431.61
DIS,2025-08-09,431.17
DIS,2025-08-10,433.97
DIS,2025-08-11,438.81
DIS,2025-08-12,456.07
DIS,2025-08-13,440.94
DIS,2025-08-14,444.98
DIS,2025-08-15,441.28
DIS,2025-08-16,437.41
DIS,2025-08-17,433.37
DIS,2025-08-18,427.5
DIS,2025-08-19,438.44
DIS,2025-08-20,444.01
DIS,2025-08-21,444.17
DIS,2025-08-22,453.26
DIS,2025-08-23,443.09
DIS,2025-08-24,434.34
DIS,2025-08-25,420.38
DIS,2025-08-26,415.99
DIS,2025-08-27,417.0
DIS,2025-08-28,417.64
DIS,2025-08-29,418.58
DIS,2025-08-30,409.81
DIS,2025-08-31,414.78
DIS,2025-09-01,416.27
DIS,2025-09-02,420.88
DIS,2025-09-03,409.09
DIS,2025-09-04,411.01
DIS,2025-09-05,403.75
DIS,2025-09-06,401.35
DIS,2025-09-07,404.58
DIS,2025-09-08,405.14
DIS,2025-09-09,399.99
DIS,2025-09-10,400.03
DIS,2025-09-11,390.95
DIS,2025-09-12,397.75
DIS,2025-09-13,396.53
DIS,2025-09-14,403.24
DIS,2025-09-15,400.06
DIS,2025-09-16,396.94
DIS,2025-09-17,392.41
DIS,2025-09-18,397.6
DIS,2025-09-19,393.39
DIS,2025-09-20,397.22
DIS,2025-09-21,394.94
DIS,2025-09-22,383.41
DIS,2025-09-23,380.14
DIS,2025-09-24,373.48
DIS,2025-09-25,373.67
DIS,2025-09-26,367.06
DIS,2025-09-27,372.19
DIS,2025-09-28,371.68
DIS,2025-09-29,370.69
DIS,2025-09-30,374.36
DIS,2025-10-01,379.81
DIS,2025-10-02,379.7
DIS,2025-10-03,375.33
DIS,2025-10-04,365.47
DIS,2025-10-05,361.73
DIS,2025-10-06,358.4
DIS,2025-10-07,358.97
DIS,2025-10-08,357.12
DIS,2025-10-09,360.82
DIS,2025-10-10,357.52
DIS,2025-10-11,357.22
DIS,2025-10-12,363.62
DIS,2025-10-13,365.49
DIS,2025-10-14,365.16
DIS,2025-10-15,361.87
DIS,2025-10-16,358.45
DIS,2025-10-17,353.91
DIS,2025-10-18,351.05
DIS,2025-10-19,355.05
DIS,2025-10-20,353.87
DIS,2025-10-21,346.78
DIS,2025-10-22,356.1
DIS,2025-10-23,357.81
DIS,2025-10-24,350.34
DIS,2025-10-25,348.03
DIS,2025-10-26,348.6
DIS,2025-10-27,357.63
DIS,2025-10-28,351.74
DIS,2025-10-29,356.93
DIS,2025-10-30,364.5
DIS,2025-10-31,361.08
DIS,2025-11-01,359.58
DIS,2025-11-02,354.03
DIS,2025-11-03,352.95
DIS,2025-11-04,352.76
DIS,2025-11-05,356.27
DIS,2025-11-06,362.14
DIS,2025-11-07,358.1
DIS,2025-11-08,347.69
DIS,2025-11-09,347.57
DIS,2025-11-10,349.11
DIS,2025-11-11,350.42
DIS,2025-11-12,348.7
DIS,2025-11-13,349.36
DIS,2025-11-14,357.39
DIS,2025-11-15,359.44
DIS,2025-11-16,357.43
DIS,2025-11-17,354.76
DIS,2025-11-18,353.86
DIS,2025-11-19,362.66
DIS,2025-11-20,361.66
DIS,2025-11-21,361.55
DIS,2025-11-22,358.95
DIS,2025-11-23,364.91
DIS,2025-11-24,375.8
DIS,2025-11-25,378.35
DIS,2025-11-26,378.82
DIS,2025-11-27,379.03
DIS,2025-11-28,365.71
DIS,2025-11-29,369.82
DIS,2025-11-30,370.57
DIS,2025-12-01,372.95
DIS,2025-12-02,369.0
DIS,2025-12-03,366.87
DIS,2025-12-04,364.62
DIS,2025-12-05,370.25
DIS,2025-12-06,368.15
DIS,2025-12-07,379.83
DIS,2025-12-08,382.3
DIS,2025-12-09,375.05
DIS,2025-12-10,374.33
DIS,2025-12-11,370.69
DIS,2025-12-12,358.68
DIS,2025-12-13,367.39
DIS,2025-12-14,371.29
DIS,2025-12-15,374.27
DIS,2025-12-16,375.2
DIS,2025-12-17,367.5
DIS,2025-12-18,364.85
DIS,2025-12-19,369.48
DIS,2025-12-20,363.7
DIS,2025-12-21,350.15
DIS,2025-12-22,348.96
DIS,2025-12-23,348.22
DIS,2025-12-24,348.93
DIS,2025-12-25,352.76
DIS,2025-12-26,356.15
DIS,2025-12-27,357.53
DIS,2025-12-28,364.0
DIS,2025-12-29,355.8
DIS,2025-12-30,358.51
DIS,2025-12-31,361.89
DIS,2026-01-01,355.23
DIS,2026-01-02,347.31
DIS,2026-01-03,343.44
DIS,2026-01-04,340.05
DIS,2026-01-05,343.92
DIS,2026-01-06,340.76
DIS,2026-01-07,336.41
DIS,2026-01-08,333.34
DIS,2026-01-09,338.98
DIS,2026-01-10,339.05
DIS,2026-01-11,338.14
DIS,2026-01-12,337.58
DIS,2026-01-13,344.19
DIS,2026-01-14,340.34
DIS,2026-01-15,347.12
DIS,2026-01-16,348.22
DIS,2026-01-17,347.38
DIS,2026-01-18,360.66
DIS,2026-01-19,355.0
DIS,2026-01-20,353.12
DIS,2026-01-21,346.65
DIS,2026-01-22,351.64
DIS,2026-01-23,360.66
DIS,2026-01-24,369.81
DIS,2026-01-25,376.66
DIS,2026-01-26,375.55
DIS,2026-01-27,373.49
DIS,2026-01-28,364.25
DIS,2026-01-29,375.54
DIS,2026-01-30,378.19
DIS,2026-01-31,375.41
DIS,2026-02-01,382.97
DIS,2026-02-02,377.42
DIS,2026-02-03,379.73
DIS,2026-02-04,378.75
DIS,2026-02-05,382.39
DIS,2026-02-06,382.03
DIS,2026-02-07,373.8
DIS,2026-02-08,374.23
DIS,2026-02-09,380.16
DIS,2026-02-10,380.0
DIS,2026-02-11,384.44
DIS,2026-02-12,378.46
DIS,2026-02-13,378.31
DIS,2026-02-14,374.78
DIS,2026-02-15,379.0
DIS,2026-02-16,379.18
DIS,2026-02-17,383.13
DIS,2026-02-18,389.43
DIS,2026-02-19,393.49
DIS,2026-02-20,395.11
DIS,2026-02-21,389.24
DIS,2026-02-22,389.22
DIS,2026-02-23,386.12
DIS,2026-02-24,384.13
DIS,2026-02-25,381.98
DIS,2026-02-26,376.41
DIS,2026-02-27,365.52
DIS,2026-02-28,361.87
DIS,2026-03-01,362.92
DIS,2026-03-02,355.66
DIS,2026-03-03,355.74
DIS,2026-03-04,366.03
DIS,2026-03-05,371.69
DIS,2026-03-06,380.96
DIS,2026-03-07,383.2
DIS,2026-03-08,389.97
NFLX,2025-03-09,411.37
NFLX,2025-03-10,407.41
NFLX,2025-03-11,391.01
NFLX,2025-03-12,398.03
NFLX,2025-03-13,407.33
NFLX,2025-03-14,403.97
NFLX,2025-03-15,402.43
NFLX,2025-03-16,397.91
NFLX,2025-03-17,400.2
NFLX,2025-03-18,407.01
NFLX,2025-03-19,396.51
NFLX,2025-03-20,398.95
NFLX,2025-03-21,397.3
NFLX,2025-03-22,397.97
NFLX,2025-03-23,400.72
NFLX,2025-03-24,399.59
NFLX,2025-03-25,398.97
NFLX,2025-03-26,397.69
NFLX,2025-03-27,403.53
NFLX,2025-03-28,406.07
NFLX,2025-03-29,407.41
NFLX,2025-03-30,399.72
NFLX,2025-03-31,397.46
NFLX,2025-04-01,402.85
NFLX,2025-04-02,403.08
NFLX,2025-04-03,407.09
NFLX,2025-04-04,418.02
NFLX,2025-04-05,424.58
NFLX,2025-04-06,425.17
NFLX,2025-04-07,421.93
NFLX,2025-04-08,406.07
NFLX,2025-04-09,405.05
NFLX,2025-04-10,403.07
NFLX,2025-04-11,405.44
NFLX,2025-04-12,404.5
NFLX,2025-04-13,402.56
NFLX,2025-04-14,391.96
NFLX,2025-04-15,386.47
NFLX,2025-04-16,389.25
NFLX,2025-04-17,399.4
NFLX,2025-04-18,398.81
NFLX,2025-04-19,400.78
NFLX,2025-04-20,406.55
NFLX,2025-04-21,401.63
NFLX,2025-04-22,403.85
NFLX,2025-04-23,399.39
NFLX,2025-04-24,404.6
NFLX,2025-04-25,405.52
NFLX,2025-04-26,407.34
NFLX,2025-04-27,402.59
NFLX,2025-04-28,406.88
NFLX,2025-04-29,419.8
NFLX,2025-04-30,413.5
NFLX,2025-05-01,411.4
NFLX,2025-05-02,412.83
NFLX,2025-05-03,417.73
NFLX,2025-05-04,414.24
NFLX,2025-05-05,397.01
NFLX,2025-05-06,405.18
NFLX,2025-05-07,409.83
NFLX,2025-05-08,399.26
NFLX,2025-05-09,395.63
NFLX,2025-05-10,405.05
NFLX,2025-05-11,413.94
NFLX,2025-05-12,419.81
NFLX,2025-05-13,418.7
NFLX,2025-05-14,419.23
NFLX,2025-05-15,418.4
NFLX,2025-05-16,425.54
NFLX,2025-05-17,419.99
NFLX,2025-05-18,414.94
NFLX,2025-05-19,421.28
NFLX,2025-05-20,421.0
NFLX,2025-05-21,429.8
NFLX,2025-05-22,425.49
NFLX,2025-05-23,425.14
NFLX,2025-05-24,419.3
NFLX,2025-05-25,419.34
NFLX,2025-05-26,410.15
NFLX,2025-05-27,407.16
NFLX,2025-05-28,398.48
NFLX,2025-05-29,402.65
NFLX,2025-05-30,407.0
NFLX,2025-05-31,396.57
NFLX,2025-06-01,404.59
NFLX,2025-06-02,420.03
NFLX,2025-06-03,420.32
NFLX,2025-06-04,416.3
NFLX,2025-06-05,434.31
NFLX,2025-06-06,425.8
NFLX,2025-06-07,425.93
NFLX,2025-06-08,427.08
NFLX,2025-06-09,435.79
NFLX,2025-06-10,438.15
NFLX,2025-06-11,434.88
NFLX,2025-06-12,428.72
NFLX,2025-06-13,426.53
NFLX,2025-06-14,420.13
NFLX,2025-06-15,420.43
NFLX,2025-06-16,416.89
NFLX,2025-06-17,407.65
NFLX,2025-06-18,415.4
NFLX,2025-06-19,412.31
NFLX,2025-06-20,404.54
NFLX,2025-06-21,403.52
NFLX,2025-06-22,403.94
NFLX,2025-06-23,393.49
NFLX,2025-06-24,395.45
NFLX,2025-06-25,389.29
NFLX,2025-06-26,399.41
NFLX,2025-06-27,402.56
NFLX,2025-06-28,400.16
NFLX,2025-06-29,395.71
NFLX,2025-06-30,395.09
NFLX,2025-07-01,398.73
NFLX,2025-07-02,398.58
NFLX,2025-07-03,397.29
NFLX,2025-07-04,397.63
NFLX,2025-07-05,394.05
NFLX,2025-07-06,392.02
NFLX,2025-07-07,379.95
NFLX,2025-07-08,385.54
NFLX,2025-07-09,387.27
NFLX,2025-07-10,382.8
NFLX,2025-07-11,393.86
NFLX,2025-07-12,394.38
NFLX,2025-07-13,388.3
NFLX,2025-07-14,393.32
NFLX,2025-07-15,395.67
NFLX,2025-07-16,398.02
NFLX,2025-07-17,395.49
NFLX,2025-07-18,398.17
NFLX,2025-07-19,396.61
NFLX,2025-07-20,399.93
NFLX,2025-07-21,388.66
NFLX,2025-07-22,386.14
NFLX,2025-07-23,396.25
NFLX,2025-07-24,391.72
NFLX,2025-07-25,388.18
NFLX,2025-07-26,385.58
NFLX,2025-07-27,378.62
NFLX,2025-07-28,366.29
NFLX,2025-07-29,365.02
NFLX,2025-07-30,365.77
NFLX,2025-07-31,365.48
NFLX,2025-08-01,364.68
NFLX,2025-08-02,364.92
NFLX,2025-08-03,370.56
NFLX,2025-08-04,369.5
NFLX,2025-08-05,366.34
NFLX,2025-08-06,364.79
NFLX,2025-08-07,367.98
NFLX,2025-08-08,375.86
NFLX,2025-08-09,372.33
NFLX,2025-08-10,372.88
NFLX,2025-08-11,374.78
NFLX,2025-08-12,369.24
NFLX,2025-08-13,369.36
NFLX,2025-08-14,361.32
NFLX,2025-08-15,351.86
NFLX,2025-08-16,353.8
NFLX,2025-08-17,351.77
NFLX,2025-08-18,352.84
NFLX,2025-08-19,352.75
NFLX,2025-08-20,347.62
NFLX,2025-08-21,347.38
NFLX,2025-08-22,341.01
NFLX,2025-08-23,348.2
NFLX,2025-08-24,341.19
NFLX,2025-08-25,340.19
NFLX,2025-08-26,334.92
NFLX,2025-08-27,337.79
NFLX,2025-08-28,336.12
NFLX,2025-08-29,333.51
NFLX,2025-08-30,337.81
NFLX,2025-08-31,337.96
NFLX,2025-09-01,340.59
NFLX,2025-09-02,335.61
NFLX,2025-09-03,328.61
NFLX,2025-09-04,329.14
NFLX,2025-09-05,327.57
NFLX,2025-09-06,330.66
NFLX,2025-09-07,330.27
NFLX,2025-09-08,331.29
NFLX,2025-09-09,323.32
NFLX,2025-09-10,332.61
NFLX,2025-09-11,331.79
NFLX,2025-09-12,335.28
NFLX,2025-09-13,331.1
NFLX,2025-09-14,332.63
NFLX,2025-09-15,326.19
NFLX,2025-09-16,328.41
NFLX,2025-09-17,326.66
NFLX,2025-09-18,326.81
NFLX,2025-09-19,330.25
NFLX,2025-09-20,324.2
NFLX,2025-09-21,320.89
NFLX,2025-09-22,323.1
NFLX,2025-09-23,333.43
NFLX,2025-09-24,332.74
NFLX,2025-09-25,335.7
NFLX,2025-09-26,335.16
NFLX,2025-09-27,345.07
NFLX,2025-09-28,336.14
NFLX,2025-09-29,336.62
NFLX,2025-09-30,328.51
NFLX,2025-10-01,316.39
NFLX,2025-10-02,317.8
NFLX,2025-10-03,318.47
NFLX,2025-10-04,317.11
NFLX,2025-10-05,316.61
NFLX,2025-10-06,331.67
NFLX,2025-10-07,330.39
NFLX,2025-10-08,332.92
NFLX,2025-10-09,329.7
NFLX,2025-10-10,331.16
NFLX,2025-10-11,329.98
NFLX,2025-10-12,327.95
NFLX,2025-10-13,337.03
NFLX,2025-10-14,343.03
NFLX,2025-10-15,343.73
NFLX,2025-10-16,332.06
NFLX,2025-10-17,330.26
NFLX,2025-10-18,343.93
NFLX,2025-10-19,342.74
NFLX,2025-10-20,348.46
NFLX,2025-10-21,356.08
NFLX,2025-10-22,357.25
NFLX,2025-10-23,352.77
NFLX,2025-10-24,340.11
NFLX,2025-10-25,343.62
NFLX,2025-10-26,339.45
NFLX,2025-10-27,340.35
NFLX,2025-10-28,334.02
NFLX,2025-10-29,332.7
NFLX,2025-10-30,332.87
NFLX,2025-10-31,334.21
NFLX,2025-11-01,328.67
NFLX,2025-11-02,334.62
NFLX,2025-11-03,331.64
NFLX,2025-11-04,323.41
NFLX,2025-11-05,322.88
NFLX,2025-11-06,323.05
NFLX,2025-11-07,323.83
NFLX,2025-11-08,330.52
NFLX,2025-11-09,329.34
NFLX,2025-11-10,328.75
NFLX,2025-11-11,323.36
NFLX,2025-11-12,327.36
NFLX,2025-11-13,328.27
NFLX,2025-11-14,326.21
NFLX,2025-11-15,317.02
NFLX,2025-11-16,323.96
NFLX,2025-11-17,318.05
NFLX,2025-11-18,315.24
NFLX,2025-11-19,316.94
NFLX,2025-11-20,311.31
NFLX,2025-11-21,304.41
NFLX,2025-11-22,294.86
NFLX,2025-11-23,298.07
NFLX,2025-11-24,295.64
NFLX,2025-11-25,308.91
NFLX,2025-11-26,304.34
NFLX,2025-11-27,300.16
NFLX,2025-11-28,297.63
NFLX,2025-11-29,298.71
NFLX,2025-11-30,296.62
NFLX,2025-12-01,299.35
NFLX,2025-12-02,294.99
NFLX,2025-12-03,288.94
NFLX,2025-12-04,281.25
NFLX,2025-12-05,272.02
NFLX,2025-12-06,269.92
NFLX,2025-12-07,268.7
NFLX,2025-12-08,266.17
NFLX,2025-12-09,271.18
NFLX,2025-12-10,276.22
NFLX,2025-12-11,274.84
NFLX,2025-12-12,267.54
NFLX,2025-12-13,265.28
NFLX,2025-12-14,262.9
NFLX,2025-12-15,260.32
NFLX,2025-12-16,257.61
NFLX,2025-12-17,255.1
NFLX,2025-12-18,253.62
NFLX,2025-12-19,251.22
NFLX,2025-12-20,252.0
NFLX,2025-12-21,253.37
NFLX,2025-12-22,249.93
NFLX,2025-12-23,254.74
NFLX,2025-12-24,251.03
NFLX,2025-12-25,245.01
NFLX,2025-12-26,246.41
NFLX,2025-12-27,243.41
NFLX,2025-12-28,244.58
NFLX,2025-12-29,235.92
NFLX,2025-12-30,240.9
NFLX,2025-12-31,243.34
NFLX,2026-01-01,237.93
NFLX,2026-01-02,232.71
NFLX,2026-01-03,238.62
NFLX,2026-01-04,235.99
NFLX,2026-01-05,233.06
NFLX,2026-01-06,225.27
NFLX,2026-01-07,224.09
NFLX,2026-01-08,223.33
NFLX,2026-01-09,225.73
NFLX,2026-01-10,221.05
NFLX,2026-01-11,216.06
NFLX,2026-01-12,217.53
NFLX,2026-01-13,220.84
NFLX,2026-01-14,215.7
NFLX,2026-01-15,219.22
NFLX,2026-01-16,219.35
NFLX,2026-01-17,222.97
NFLX,2026-01-18,222.73
NFLX,2026-01-19,214.46
NFLX,2026-01-20,213.98
NFLX,2026-01-21,217.41
NFLX,2026-01-22,214.51
NFLX,2026-01-23,213.27
NFLX,2026-01-24,212.7
NFLX,2026-01-25,203.65
NFLX,2026-01-26,208.82
NFLX,2026-01-27,206.02
NFLX,2026-01-28,207.59
NFLX,2026-01-29,207.32
NFLX,2026-01-30,211.26
NFLX,2026-01-31,212.55
NFLX,2026-02-01,211.81
NFLX,2026-02-02,208.99
NFLX,2026-02-03,211.5
NFLX,2026-02-04,205.64
NFLX,2026-02-05,207.64
NFLX,2026-02-06,204.25
NFLX,2026-02-07,208.12
NFLX,2026-02-08,208.63
NFLX,2026-02-09,210.65
NFLX,2026-02-10,210.91
NFLX,2026-02-11,205.44
NFLX,2026-02-12,202.8
NFLX,2026-02-13,204.86
NFLX,2026-02-14,205.37
NFLX,2026-02-15,209.04
NFLX,2026-02-16,210.31
NFLX,2026-02-17,207.28
NFLX,2026-02-18,204.82
NFLX,2026-02-19,205.14
NFLX,2026-02-20,198.14
NFLX,2026-02-21,203.18
NFLX,2026-02-22,204.53
NFLX,2026-02-23,208.33
NFLX,2026-02-24,203.45
NFLX,2026-02-25,207.28
NFLX,2026-02-26,214.34
NFLX,2026-02-27,210.13
NFLX,2026-02-28,212.58
NFLX,2026-03-01,212.58
NFLX,2026-03-02,207.71
NFLX,2026-03-03,209.25
NFLX,2026-03-04,211.89
NFLX,2026-03-05,209.98
NFLX,2026-03-06,213.69
NFLX,2026-03-07,208.41
NFLX,2026-03-08,203.79
HD,2025-03-09,379.06
HD,2025-03-10,379.2
HD,2025-03-11,375.15
HD,2025-03-12,379.73
HD,2025-03-13,382.77
HD,2025-03-14,387.72
HD,2025-03-15,387.01
HD,2025-03-16,390.52
HD,2025-03-17,387.92
HD,2025-03-18,400.06
HD,2025-03-19,395.21
HD,2025-03-20,407.89
HD,2025-03-21,408.1
HD,2025-03-22,399.77
HD,2025-03-23,408.06
HD,2025-03-24,408.83
HD,2025-03-25,414.08
HD,2025-03-26,421.76
HD,2025-03-27,423.9
HD,2025-03-28,420.15
HD,2025-03-29,426.34
HD,2025-03-30,426.35
HD,2025-03-31,430.76
HD,2025-04-01,417.06
HD,2025-04-02,419.87
HD,2025-04-03,415.87
HD,2025-04-04,426.31
HD,2025-04-05,430.31
HD,2025-04-06,431.86
HD,2025-04-07,435.03
HD,2025-04-08,428.56
HD,2025-04-09,439.12
HD,2025-04-10,452.44
HD,2025-04-11,455.11
HD,2025-04-12,466.1
HD,2025-04-13,462.14
HD,2025-04-14,456.64
HD,2025-04-15,456.92
HD,2025-04-16,459.91
HD,2025-04-17,457.2
HD,2025-04-18,460.91
HD,2025-04-19,463.03
HD,2025-04-20,456.15
HD,2025-04-21,459.71
HD,2025-04-22,465.71
HD,2025-04-23,466.91
HD,2025-04-24,475.05
HD,2025-04-25,466.45
HD,2025-04-26,469.74
HD,2025-04-27,461.56
HD,2025-04-28,453.91
HD,2025-04-29,449.64
HD,2025-04-30,443.33
HD,2025-05-01,439.7
HD,2025-05-02,438.29
HD,2025-05-03,443.83
HD,2025-05-04,441.7
HD,2025-05-05,431.31
HD,2025-05-06,438.75
HD,2025-05-07,433.28
HD,2025-05-08,432.9
HD,2025-05-09,435.81
HD,2025-05-10,437.11
HD,2025-05-11,444.35
HD,2025-05-12,447.55
HD,2025-05-13,441.81
HD,2025-05-14,456.48
HD,2025-05-15,457.81
HD,2025-05-16,456.8
HD,2025-05-17,463.46
HD,2025-05-18,465.19
HD,2025-05-19,467.99
HD,2025-05-20,485.81
HD,2025-05-21,483.81
HD,2025-05-22,481.51
HD,2025-05-23,482.36
HD,2025-05-24,490.17
HD,2025-05-25,479.22
HD,2025-05-26,465.3
HD,2025-05-27,461.22
HD,2025-05-28,450.05
HD,2025-05-29,447.19
HD,2025-05-30,450.57
HD,2025-05-31,444.59
HD,2025-06-01,435.18
HD,2025-06-02,435.63
HD,2025-06-03,441.31
HD,2025-06-04,430.23
HD,2025-06-05,435.55
HD,2025-06-06,440.93
HD,2025-06-07,447.28
HD,2025-06-08,455.53
HD,2025-06-09,470.83
HD,2025-06-10,468.32
HD,2025-06-11,469.09
HD,2025-06-12,466.17
HD,2025-06-13,466.18
HD,2025-06-14,477.03
HD,2025-06-15,467.5
HD,2025-06-16,461.5
HD,2025-06-17,471.13
HD,2025-06-18,478.4
HD,2025-06-19,475.8
HD,2025-06-20,481.94
HD,2025-06-21,484.41
HD,2025-06-22,495.43
HD,2025-06-23,495.99
HD,2025-06-24,503.68
HD,2025-06-25,524.04
HD,2025-06-26,528.76
HD,2025-06-27,529.15
HD,2025-06-28,534.92
HD,2025-06-29,531.99
HD,2025-06-30,551.4
HD,2025-07-01,552.89
HD,2025-07-02,550.63
HD,2025-07-03,543.77
HD,2025-07-04,552.79
HD,2025-07-05,560.03
HD,2025-07-06,555.87
HD,2025-07-07,560.69
HD,2025-07-08,548.15
HD,2025-07-09,549.67
HD,2025-07-10,553.42
HD,2025-07-11,567.77
HD,2025-07-12,561.25
HD,2025-07-13,550.59
HD,2025-07-14,543.24
HD,2025-07-15,532.46
HD,2025-07-16,543.24
HD,2025-07-17,556.01
HD,2025-07-18,558.69
HD,2025-07-19,569.02
HD,2025-07-20,570.16
HD,2025-07-21,569.35
HD,2025-07-22,566.51
HD,2025-07-23,563.88
HD,2025-07-24,550.94
HD,2025-07-25,553.13
HD,2025-07-26,552.79
HD,2025-07-27,559.01
HD,2025-07-28,559.79
HD,2025-07-29,558.43
HD,2025-07-30,551.18
HD,2025-07-31,551.77
HD,2025-08-01,557.92
HD,2025-08-02,548.43
HD,2025-08-03,549.15
HD,2025-08-04,551.07
HD,2025-08-05,545.17
HD,2025-08-06,540.38
HD,2025-08-07,542.26
HD,2025-08-08,533.12
HD,2025-08-09,535.92
HD,2025-08-10,528.77
HD,2025-08-11,537.27
HD,2025-08-12,556.44
HD,2025-08-13,549.31
HD,2025-08-14,553.73
HD,2025-08-15,547.72
HD,2025-08-16,556.34
HD,2025-08-17,545.88
HD,2025-08-18,549.83
HD,2025-08-19,542.68
HD,2025-08-20,541.0
HD,2025-08-21,532.69
HD,2025-08-22,539.31
HD,2025-08-23,532.58
HD,2025-08-24,537.01
HD,2025-08-25,534.24
HD,2025-08-26,533.32
HD,2025-08-27,534.51
HD,2025-08-28,528.43
HD,2025-08-29,530.1
HD,2025-08-30,542.41
HD,2025-08-31,536.12
HD,2025-09-01,545.63
HD,2025-09-02,558.03
HD,2025-09-03,551.24
HD,2025-09-04,539.34
HD,2025-09-05,541.78
HD,2025-09-06,537.35
HD,2025-09-07,552.63
HD,2025-09-08,552.92
HD,2025-09-09,546.3
HD,2025-09-10,536.98
HD,2025-09-11,545.83
HD,2025-09-12,541.18
HD,2025-09-13,541.53
HD,2025-09-14,549.35
HD,2025-09-15,545.38
HD,2025-09-16,545.0
HD,2025-09-17,544.87
HD,2025-09-18,550.48
HD,2025-09-19,555.38
HD,2025-09-20,553.55
HD,2025-09-21,554.08
HD,2025-09-22,551.0
HD,2025-09-23,538.92
HD,2025-09-24,541.0
HD,2025-09-25,556.58
HD,2025-09-26,549.25
HD,2025-09-27,542.92
HD,2025-09-28,535.87
HD,2025-09-29,541.73
HD,2025-09-30,545.39
HD,2025-10-01,544.09
HD,2025-10-02,536.65
HD,2025-10-03,537.39
HD,2025-10-04,524.93
HD,2025-10-05,526.06
HD,2025-10-06,532.98
HD,2025-10-07,523.07
HD,2025-10-08,511.18
HD,2025-10-09,523.44
HD,2025-10-10,518.66
HD,2025-10-11,527.57
HD,2025-10-12,526.36
HD,2025-10-13,525.08
HD,2025-10-14,528.54
HD,2025-10-15,521.58
HD,2025-10-16,522.62
HD,2025-10-17,519.64
HD,2025-10-18,509.44
HD,2025-10-19,512.03
HD,2025-10-20,510.01
HD,2025-10-21,508.81
HD,2025-10-22,499.66
HD,2025-10-23,511.73
HD,2025-10-24,518.5
HD,2025-10-25,526.06
HD,2025-10-26,523.65
HD,2025-10-27,510.24
HD,2025-10-28,525.41
HD,2025-10-29,524.93
HD,2025-10-30,519.07
HD,2025-10-31,522.32
HD,2025-11-01,531.55
HD,2025-11-02,531.36
HD,2025-11-03,541.65
HD,2025-11-04,550.52
HD,2025-11-05,541.71
HD,2025-11-06,536.26
HD,2025-11-07,544.02
HD,2025-11-08,522.33
HD,2025-11-09,521.16
HD,2025-11-10,510.09
HD,2025-11-11,506.46
HD,2025-11-12,504.19
HD,2025-11-13,501.49
HD,2025-11-14,497.35
HD,2025-11-15,489.24
HD,2025-11-16,506.35
HD,2025-11-17,520.73
HD,2025-11-18,511.73
HD,2025-11-19,524.02
HD,2025-11-20,520.89
HD,2025-11-21,521.9
HD,2025-11-22,521.41
HD,2025-11-23,516.27
HD,2025-11-24,523.95
HD,2025-11-25,524.94
HD,2025-11-26,521.2
HD,2025-11-27,511.1
HD,2025-11-28,504.29
HD,2025-11-29,492.03
HD,2025-11-30,492.12
HD,2025-12-01,483.37
HD,2025-12-02,481.44
HD,2025-12-03,491.44
HD,2025-12-04,500.36
HD,2025-12-05,500.12
HD,2025-12-06,499.47
HD,2025-12-07,513.75
HD,2025-12-08,517.78
HD,2025-12-09,515.24
HD,2025-12-10,504.34
HD,2025-12-11,507.32
HD,2025-12-12,513.67
HD,2025-12-13,508.83
HD,2025-12-14,511.06
HD,2025-12-15,508.28
HD,2025-12-16,506.88
HD,2025-12-17,488.31
HD,2025-12-18,486.69
HD,2025-12-19,493.82
HD,2025-12-20,489.16
HD,2025-12-21,489.55
HD,2025-12-22,484.03
HD,2025-12-23,486.65
HD,2025-12-24,485.07
HD,2025-12-25,478.29
HD,2025-12-26,487.94
HD,2025-12-27,494.79
HD,2025-12-28,490.32
HD,2025-12-29,494.0
HD,2025-12-30,498.0
HD,2025-12-31,502.82
HD,2026-01-01,490.2
HD,2026-01-02,497.66
HD,2026-01-03,493.42
HD,2026-01-04,490.78
HD,2026-01-05,510.59
HD,2026-01-06,512.91
HD,2026-01-07,509.94
HD,2026-01-08,493.35
HD,2026-01-09,503.74
HD,2026-01-10,493.68
HD,2026-01-11,486.31
HD,2026-01-12,483.89
HD,2026-01-13,494.28
HD,2026-01-14,500.05
HD,2026-01-15,498.87
HD,2026-01-16,501.18
HD,2026-01-17,496.69
HD,2026-01-18,497.73
HD,2026-01-19,498.28
HD,2026-01-20,505.57
HD,2026-01-21,512.96
HD,2026-01-22,516.77
HD,2026-01-23,513.97
HD,2026-01-24,519.72
HD,2026-01-25,519.01
HD,2026-01-26,510.65
HD,2026-01-27,507.57
HD,2026-01-28,508.22
HD,2026-01-29,515.2
HD,2026-01-30,513.79
HD,2026-01-31,504.55
HD,2026-02-01,504.98
HD,2026-02-02,505.84
HD,2026-02-03,507.25
HD,2026-02-04,514.3
HD,2026-02-05,522.22
HD,2026-02-06,517.59
HD,2026-02-07,512.83
HD,2026-02-08,504.89
HD,2026-02-09,510.21
HD,2026-02-10,521.42
HD,2026-02-11,518.96
HD,2026-02-12,517.08
HD,2026-02-13,528.58
HD,2026-02-14,532.61
HD,2026-02-15,536.1
HD,2026-02-16,526.61
HD,2026-02-17,532.0
HD,2026-02-18,524.64
HD,2026-02-19,515.79
HD,2026-02-20,513.11
HD,2026-02-21,508.63
HD,2026-02-22,506.94
HD,2026-02-23,496.1
HD,2026-02-24,503.28
HD,2026-02-25,511.87
HD,2026-02-26,497.13
HD,2026-02-27,504.48
HD,2026-02-28,498.39
HD,2026-03-01,504.84
HD,2026-03-02,504.32
HD,2026-03-03,504.54
HD,2026-03-04,503.14
HD,2026-03-05,512.37
HD,2026-03-06,502.93
HD,2026-03-07,507.54
HD,2026-03-08,515.99
